ENSG00000111424	VDR	SRX022393
ENSG00000111424	VDR	SRX022395
ENSG00000111424	VDR	SRX022392
ENSG00000111424	VDR	SRX022397
ENSG00000111424	VDR	SRX045434
ENSG00000111424	VDR	SRX2319761
ENSG00000111424	VDR	SRX360404
ENSG00000111424	VDR	SRX360402
ENSG00000111424	VDR	SRX7756149
ENSG00000111424	VDR	SRX2319763
ENSG00000111424	VDR	SRX2319765
ENSG00000111424	VDR	SRX2319760
ENSG00000111424	VDR	SRX7756148
ENSG00000111424	VDR	SRX2319757
ENSG00000111424	VDR	SRX2319759
ENSG00000111424	VDR	SRX2319762
ENSG00000111424	VDR	SRX360403
ENSG00000111424	VDR	SRX2319754
ENSG00000111424	VDR	SRX7756142
ENSG00000111424	VDR	SRX7756145
ENSG00000111424	VDR	SRX2319758
ENSG00000111424	VDR	SRX7756143
ENSG00000111424	VDR	SRX2319756
ENSG00000111424	VDR	SRX2319764
ENSG00000111424	VDR	SRX7756146
ENSG00000111424	VDR	SRX2319755
ENSG00000111424	VDR	SRX387776
ENSG00000111424	VDR	SRX045435
ENSG00000187079	TEAD1	SRX16499814
ENSG00000187079	TEAD1	SRX10478391
ENSG00000187079	TEAD1	SRX10478392
ENSG00000187079	TEAD1	SRX16499813
ENSG00000070444	MNT	SRX3322387
ENSG00000070444	MNT	SRX3322946
ENSG00000070444	MNT	SRX3322386
ENSG00000070444	MNT	SRX3322438
ENSG00000070444	MNT	SRX3322439
ENSG00000070444	MNT	SRX3322947
ENSG00000170608	FOXA3	SRX16498556
ENSG00000170608	FOXA3	SRX10475173
ENSG00000170608	FOXA3	SRX10475172
ENSG00000170608	FOXA3	SRX16498555
ENSG00000167081	PBX3	SRX100577
ENSG00000119866	BCL11A	SRX100433
ENSG00000119866	BCL11A	SRX2831680
ENSG00000119866	BCL11A	SRX2831679
ENSG00000119866	BCL11A	SRX3160998
ENSG00000119866	BCL11A	SRX3160997
ENSG00000119866	BCL11A	SRX471323
ENSG00000153234	NR4A2	SRX12698893
ENSG00000153234	NR4A2	SRX12698909
ENSG00000153234	NR4A2	SRX12698889
ENSG00000153234	NR4A2	SRX12698897
ENSG00000153234	NR4A2	SRX12698901
ENSG00000153234	NR4A2	SRX12698905
ENSG00000120798	NR2C1	SRX3322930
ENSG00000120798	NR2C1	SRX3322931
ENSG00000120798	NR2C1	SRX3323054
ENSG00000120798	NR2C1	SRX3323053
ENSG00000120798	NR2C1	SRX3322065
ENSG00000120798	NR2C1	SRX3322064
ENSG00000181827	RFX7	SRX11166852
ENSG00000181827	RFX7	SRX11166851
ENSG00000057657	PRDM1	SRX3070540
ENSG00000066336	SPI1	SRX9029196
ENSG00000066336	SPI1	SRX9029208
ENSG00000066336	SPI1	SRX9029209
ENSG00000066336	SPI1	SRX9029197
ENSG00000066336	SPI1	SRX5574447
ENSG00000066336	SPI1	SRX5574459
ENSG00000066336	SPI1	SRX5574369
ENSG00000066336	SPI1	SRX5574461
ENSG00000066336	SPI1	SRX5574458
ENSG00000066336	SPI1	SRX5574448
ENSG00000066336	SPI1	SRX5574457
ENSG00000066336	SPI1	SRX5574365
ENSG00000066336	SPI1	SRX5574354
ENSG00000066336	SPI1	SRX5574341
ENSG00000066336	SPI1	SRX5574377
ENSG00000066336	SPI1	SRX5574505
ENSG00000066336	SPI1	SRX5141099
ENSG00000066336	SPI1	SRX5574364
ENSG00000066336	SPI1	SRX5574492
ENSG00000066336	SPI1	SRX5574387
ENSG00000066336	SPI1	SRX5574363
ENSG00000066336	SPI1	SRX5574340
ENSG00000066336	SPI1	SRX5574498
ENSG00000066336	SPI1	SRX9317678
ENSG00000066336	SPI1	SRX5574453
ENSG00000066336	SPI1	SRX5574452
ENSG00000066336	SPI1	SRX5574493
ENSG00000066336	SPI1	SRX5574506
ENSG00000066336	SPI1	SRX5574460
ENSG00000066336	SPI1	SRX2770854
ENSG00000066336	SPI1	SRX5574355
ENSG00000066336	SPI1	SRX5574496
ENSG00000066336	SPI1	SRX5574497
ENSG00000066336	SPI1	SRX5574359
ENSG00000066336	SPI1	SRX5574494
ENSG00000066336	SPI1	SRX2770855
ENSG00000066336	SPI1	SRX5574507
ENSG00000066336	SPI1	SRX5574491
ENSG00000066336	SPI1	SRX2770857
ENSG00000066336	SPI1	SRX5574446
ENSG00000066336	SPI1	SRX627428
ENSG00000066336	SPI1	SRX1048461
ENSG00000066336	SPI1	SRX3244991
ENSG00000066336	SPI1	SRX5574463
ENSG00000066336	SPI1	SRX1023792
ENSG00000066336	SPI1	SRX5574362
ENSG00000066336	SPI1	SRX5574495
ENSG00000066336	SPI1	SRX100576
ENSG00000066336	SPI1	SRX5574361
ENSG00000066336	SPI1	SRX093183
ENSG00000066336	SPI1	SRX2770856
ENSG00000066336	SPI1	SRX5574392
ENSG00000066336	SPI1	SRX1089833
ENSG00000066336	SPI1	SRX5574376
ENSG00000066336	SPI1	SRX5574372
ENSG00000066336	SPI1	SRX5574375
ENSG00000066336	SPI1	SRX475793
ENSG00000066336	SPI1	SRX5574451
ENSG00000066336	SPI1	SRX1089832
ENSG00000066336	SPI1	SRX1023793
ENSG00000066336	SPI1	SRX5574370
ENSG00000066336	SPI1	SRX5574462
ENSG00000066336	SPI1	SRX5574371
ENSG00000066336	SPI1	SRX1023790
ENSG00000066336	SPI1	SRX1048483
ENSG00000066336	SPI1	SRX475795
ENSG00000066336	SPI1	SRX5574348
ENSG00000066336	SPI1	SRX5574373
ENSG00000066336	SPI1	SRX1023791
ENSG00000066336	SPI1	SRX5574352
ENSG00000066336	SPI1	SRX100443
ENSG00000066336	SPI1	SRX5574343
ENSG00000066336	SPI1	SRX1431736
ENSG00000066336	SPI1	SRX190299
ENSG00000066336	SPI1	SRX1431738
ENSG00000066336	SPI1	SRX5574342
ENSG00000066336	SPI1	SRX5574345
ENSG00000066336	SPI1	SRX5574344
ENSG00000066336	SPI1	SRX1431737
ENSG00000066336	SPI1	SRX5574350
ENSG00000066336	SPI1	SRX627430
ENSG00000066336	SPI1	SRX20230008
ENSG00000066336	SPI1	SRX5574510
ENSG00000066336	SPI1	SRX5574511
ENSG00000066336	SPI1	SRX22183927
ENSG00000066336	SPI1	SRX698188
ENSG00000066336	SPI1	SRX100429
ENSG00000066336	SPI1	SRX1431739
ENSG00000066336	SPI1	SRX794057
ENSG00000066336	SPI1	SRX5574473
ENSG00000066336	SPI1	SRX20230010
ENSG00000066336	SPI1	SRX18154277
ENSG00000066336	SPI1	SRX5574476
ENSG00000066336	SPI1	SRX1431733
ENSG00000066336	SPI1	SRX22183928
ENSG00000066336	SPI1	SRX1431734
ENSG00000066336	SPI1	SRX5574357
ENSG00000066336	SPI1	SRX5574472
ENSG00000066336	SPI1	SRX698189
ENSG00000066336	SPI1	SRX5574477
ENSG00000066336	SPI1	ERX626817
ENSG00000066336	SPI1	SRX1023796
ENSG00000066336	SPI1	SRX5574367
ENSG00000066336	SPI1	SRX5574474
ENSG00000066336	SPI1	SRX5095871
ENSG00000066336	SPI1	SRX20230009
ENSG00000066336	SPI1	SRX20230007
ENSG00000066336	SPI1	SRX5574478
ENSG00000066336	SPI1	SRX1431735
ENSG00000066336	SPI1	SRX5574385
ENSG00000066336	SPI1	SRX093189
ENSG00000066336	SPI1	SRX5574475
ENSG00000066336	SPI1	SRX1023794
ENSG00000066336	SPI1	SRX1023795
ENSG00000066336	SPI1	SRX5574479
ENSG00000066336	SPI1	SRX475796
ENSG00000066336	SPI1	SRX1023797
ENSG00000066336	SPI1	ERX626807
ENSG00000066336	SPI1	SRX5574379
ENSG00000066336	SPI1	SRX103224
ENSG00000066336	SPI1	SRX10119129
ENSG00000066336	SPI1	SRX5574381
ENSG00000066336	SPI1	SRX22183925
ENSG00000066336	SPI1	SRX1431740
ENSG00000066336	SPI1	SRX5574356
ENSG00000066336	SPI1	SRX518671
ENSG00000066336	SPI1	SRX18154278
ENSG00000066336	SPI1	SRX4484984
ENSG00000066336	SPI1	SRX18154279
ENSG00000066336	SPI1	ERX626856
ENSG00000066336	SPI1	SRX10119133
ENSG00000066336	SPI1	SRX265231
ENSG00000066336	SPI1	SRX7083409
ENSG00000066336	SPI1	SRX10144602
ENSG00000066336	SPI1	SRX10119128
ENSG00000066336	SPI1	SRX10119130
ENSG00000066336	SPI1	SRX10119132
ENSG00000066336	SPI1	SRX10119131
ENSG00000066336	SPI1	SRX518676
ENSG00000066336	SPI1	SRX518680
ENSG00000066336	SPI1	SRX5574509
ENSG00000066336	SPI1	SRX5574450
ENSG00000066336	SPI1	SRX5574508
ENSG00000066336	SPI1	SRX24542849
ENSG00000066336	SPI1	SRX5574500
ENSG00000066336	SPI1	SRX10144603
ENSG00000066336	SPI1	SRX5574449
ENSG00000066336	SPI1	SRX12684447
ENSG00000066336	SPI1	SRX4001819
ENSG00000066336	SPI1	SRX12684451
ENSG00000066336	SPI1	SRX2268284
ENSG00000066336	SPI1	SRX18154280
ENSG00000066336	SPI1	SRX4001820
ENSG00000066336	SPI1	SRX2268287
ENSG00000066336	SPI1	SRX4001818
ENSG00000066336	SPI1	SRX4001821
ENSG00000066336	SPI1	SRX286019
ENSG00000066336	SPI1	SRX3824042
ENSG00000066336	SPI1	SRX2268285
ENSG00000066336	SPI1	SRX2268286
ENSG00000066336	SPI1	SRX5141098
ENSG00000066336	SPI1	SRX4001959
ENSG00000066336	SPI1	SRX3824041
ENSG00000066336	SPI1	SRX19553540
ENSG00000066336	SPI1	SRX19553539
ENSG00000066336	SPI1	SRX22183926
ENSG00000066336	SPI1	SRX24542848
ENSG00000066336	SPI1	SRX1127545
ENSG00000066336	SPI1	SRX4001960
ENSG00000066336	SPI1	SRX286018
ENSG00000066336	SPI1	SRX14869352
ENSG00000066336	SPI1	SRX14869351
ENSG00000066336	SPI1	SRX4001961
ENSG00000066336	SPI1	SRX14869359
ENSG00000066336	SPI1	SRX5574346
ENSG00000066336	SPI1	SRX14869358
ENSG00000066336	SPI1	SRX5574389
ENSG00000066336	SPI1	SRX4001958
ENSG00000066336	SPI1	ERX626869
ENSG00000066336	SPI1	SRX2268283
ENSG00000066336	SPI1	SRX2268282
ENSG00000066336	SPI1	SRX475794
ENSG00000066336	SPI1	SRX5574499
ENSG00000066336	SPI1	SRX1127535
ENSG00000066336	SPI1	ERX626863
ENSG00000066336	SPI1	ERX626876
ENSG00000066336	SPI1	ERX626868
ENSG00000066336	SPI1	SRX475755
ENSG00000066336	SPI1	SRX518684
ENSG00000066336	SPI1	SRX518688
ENSG00000066336	SPI1	SRX038911
ENSG00000066336	SPI1	SRX038910
ENSG00000066336	SPI1	ERX626851
ENSG00000066336	SPI1	ERX626855
ENSG00000066336	SPI1	SRX24006140
ENSG00000066336	SPI1	SRX24006141
ENSG00000066336	SPI1	SRX24006142
ENSG00000066336	SPI1	SRX24006143
ENSG00000066336	SPI1	ERX626864
ENSG00000066336	SPI1	SRX5574383
ENSG00000066336	SPI1	SRX5095870
ENSG00000066336	SPI1	ERX626782
ENSG00000066336	SPI1	ERX626786
ENSG00000066336	SPI1	ERX626825
ENSG00000066336	SPI1	ERX626815
ENSG00000168214	RBPJ	SRX6958364
ENSG00000168214	RBPJ	SRX6958363
ENSG00000168214	RBPJ	SRX6958366
ENSG00000168214	RBPJ	SRX6958367
ENSG00000168214	RBPJ	SRX6958368
ENSG00000168214	RBPJ	SRX20210925
ENSG00000168214	RBPJ	SRX092452
ENSG00000168214	RBPJ	SRX070884
ENSG00000168214	RBPJ	SRX369132
ENSG00000168214	RBPJ	SRX092453
ENSG00000168214	RBPJ	SRX369129
ENSG00000168214	RBPJ	SRX11165520
ENSG00000168214	RBPJ	SRX6958365
ENSG00000168214	RBPJ	SRX11165519
ENSG00000168214	RBPJ	SRX070883
ENSG00000168214	RBPJ	SRX22183923
ENSG00000168214	RBPJ	SRX22183924
ENSG00000168214	RBPJ	SRX2733347
ENSG00000168214	RBPJ	SRX20210924
ENSG00000168214	RBPJ	SRX1456195
ENSG00000168214	RBPJ	SRX1456194
ENSG00000168214	RBPJ	SRX20210923
ENSG00000168214	RBPJ	SRX22183922
ENSG00000168214	RBPJ	SRX22183920
ENSG00000168214	RBPJ	SRX22183919
ENSG00000168214	RBPJ	SRX22183921
ENSG00000168214	RBPJ	SRX2733363
ENSG00000168214	RBPJ	SRX2733333
ENSG00000166478	ZNF143	SRX2424650
ENSG00000166478	ZNF143	SRX2424651
ENSG00000166478	ZNF143	SRX159131
ENSG00000166478	ZNF143	SRX150647
ENSG00000166478	ZNF143	SRX070885
ENSG00000166478	ZNF143	SRX16499863
ENSG00000166478	ZNF143	SRX150692
ENSG00000166478	ZNF143	SRX16499862
ENSG00000166478	ZNF143	SRX849029
ENSG00000166478	ZNF143	SRX14835721
ENSG00000166478	ZNF143	SRX14835717
ENSG00000166478	ZNF143	SRX14835725
ENSG00000166478	ZNF143	SRX11457833
ENSG00000166478	ZNF143	SRX11457825
ENSG00000166478	ZNF143	SRX11457829
ENSG00000166478	ZNF143	SRX159129
ENSG00000115507	OTX1	SRX16500183
ENSG00000115507	OTX1	SRX16500182
ENSG00000168310	IRF2	SRX2423856
ENSG00000168310	IRF2	SRX2423855
ENSG00000168310	IRF2	SRX160847
ENSG00000168310	IRF2	SRX1089831
ENSG00000137265	IRF4	SRX14648668
ENSG00000137265	IRF4	SRX14648670
ENSG00000137265	IRF4	SRX100435
ENSG00000137265	IRF4	SRX327760
ENSG00000137265	IRF4	SRX6800707
ENSG00000137265	IRF4	SRX7428079
ENSG00000137265	IRF4	SRX3279750
ENSG00000137265	IRF4	SRX8602207
ENSG00000137265	IRF4	SRX21879462
ENSG00000137265	IRF4	SRX6800702
ENSG00000137265	IRF4	SRX6800710
ENSG00000137265	IRF4	SRX6800705
ENSG00000137265	IRF4	SRX8468848
ENSG00000137265	IRF4	SRX2548278
ENSG00000137265	IRF4	SRX518670
ENSG00000137265	IRF4	SRX518679
ENSG00000137265	IRF4	SRX8468846
ENSG00000137265	IRF4	SRX8602203
ENSG00000137265	IRF4	SRX8602199
ENSG00000137265	IRF4	SRX8602201
ENSG00000137265	IRF4	SRX8602205
ENSG00000137265	IRF4	SRX518675
ENSG00000137265	IRF4	SRX7083401
ENSG00000137265	IRF4	SRX8602206
ENSG00000137265	IRF4	SRX8602200
ENSG00000137265	IRF4	SRX17134565
ENSG00000137265	IRF4	SRX17134564
ENSG00000137265	IRF4	SRX8602204
ENSG00000137265	IRF4	SRX22541955
ENSG00000137265	IRF4	SRX8602208
ENSG00000137265	IRF4	SRX14648669
ENSG00000137265	IRF4	SRX8602202
ENSG00000137265	IRF4	SRX8602210
ENSG00000137265	IRF4	SRX518683
ENSG00000137265	IRF4	SRX8602209
ENSG00000137265	IRF4	SRX22541957
ENSG00000137265	IRF4	SRX22541967
ENSG00000137265	IRF4	SRX22541965
ENSG00000137265	IRF4	SRX2548280
ENSG00000137265	IRF4	SRX518687
ENSG00000137265	IRF4	SRX21879464
ENSG00000137265	IRF4	SRX6073298
ENSG00000137265	IRF4	SRX6073299
ENSG00000137265	IRF4	SRX6073297
ENSG00000137265	IRF4	SRX11896369
ENSG00000173039	RELA	SRX14333238
ENSG00000173039	RELA	SRX2837382
ENSG00000173039	RELA	SRX017878
ENSG00000173039	RELA	SRX017891
ENSG00000173039	RELA	SRX150608
ENSG00000173039	RELA	SRX150605
ENSG00000173039	RELA	SRX150606
ENSG00000173039	RELA	SRX017879
ENSG00000173039	RELA	SRX1460848
ENSG00000173039	RELA	SRX4401061
ENSG00000173039	RELA	SRX256999
ENSG00000173039	RELA	SRX2424412
ENSG00000173039	RELA	SRX1460847
ENSG00000173039	RELA	SRX150362
ENSG00000173039	RELA	SRX14333223
ENSG00000173039	RELA	SRX14333232
ENSG00000173039	RELA	SRX017912
ENSG00000173039	RELA	SRX4401065
ENSG00000173039	RELA	SRX14333229
ENSG00000173039	RELA	SRX150353
ENSG00000173039	RELA	SRX14333235
ENSG00000173039	RELA	SRX14333244
ENSG00000173039	RELA	SRX4401064
ENSG00000173039	RELA	SRX257000
ENSG00000173039	RELA	SRX14333247
ENSG00000173039	RELA	SRX256998
ENSG00000173039	RELA	SRX150557
ENSG00000173039	RELA	SRX2424413
ENSG00000173039	RELA	SRX14333241
ENSG00000173039	RELA	SRX256997
ENSG00000173039	RELA	SRX14333226
ENSG00000173039	RELA	SRX4401063
ENSG00000173039	RELA	SRX150365
ENSG00000173039	RELA	SRX017871
ENSG00000173039	RELA	SRX017913
ENSG00000173039	RELA	SRX150610
ENSG00000173039	RELA	SRX4401066
ENSG00000173039	RELA	SRX7083406
ENSG00000173039	RELA	SRX017895
ENSG00000173039	RELA	SRX150359
ENSG00000173039	RELA	SRX14499808
ENSG00000173039	RELA	SRX14499809
ENSG00000173039	RELA	SRX017911
ENSG00000173039	RELA	SRX017859
ENSG00000173039	RELA	SRX4001967
ENSG00000173039	RELA	SRX017865
ENSG00000173039	RELA	SRX017863
ENSG00000173039	RELA	SRX017867
ENSG00000173039	RELA	SRX017870
ENSG00000173039	RELA	SRX017866
ENSG00000173039	RELA	SRX017860
ENSG00000173039	RELA	SRX017858
ENSG00000173039	RELA	SRX150361
ENSG00000173039	RELA	SRX017888
ENSG00000173039	RELA	SRX017897
ENSG00000173039	RELA	SRX017890
ENSG00000173039	RELA	SRX017907
ENSG00000173039	RELA	SRX017900
ENSG00000173039	RELA	SRX017884
ENSG00000173039	RELA	SRX017906
ENSG00000173039	RELA	SRX017872
ENSG00000173039	RELA	SRX017902
ENSG00000173039	RELA	SRX017887
ENSG00000173039	RELA	SRX017894
ENSG00000173039	RELA	SRX017889
ENSG00000173039	RELA	SRX4401062
ENSG00000173039	RELA	SRX017901
ENSG00000173039	RELA	SRX017908
ENSG00000173039	RELA	SRX790965
ENSG00000173039	RELA	SRX790966
ENSG00000173039	RELA	SRX4001966
ENSG00000173039	RELA	SRX017882
ENSG00000173039	RELA	SRX017877
ENSG00000173039	RELA	SRX017883
ENSG00000173039	RELA	SRX017905
ENSG00000173039	RELA	SRX017875
ENSG00000173039	RELA	SRX017864
ENSG00000173039	RELA	SRX017896
ENSG00000173039	RELA	SRX017876
ENSG00000173039	RELA	SRX5371743
ENSG00000173039	RELA	SRX5371742
ENSG00000085274	MYNN	SRX16495512
ENSG00000085274	MYNN	SRX2636242
ENSG00000085274	MYNN	SRX16495511
ENSG00000085274	MYNN	SRX10478465
ENSG00000085274	MYNN	SRX2636243
ENSG00000085274	MYNN	SRX10478464
ENSG00000159216	RUNX1;LOC100506403	SRX259612
ENSG00000159216	RUNX1;LOC100506403	SRX20230018
ENSG00000159216	RUNX1;LOC100506403	SRX259622
ENSG00000159216	RUNX1;LOC100506403	SRX9317682
ENSG00000159216	RUNX1;LOC100506403	SRX259621
ENSG00000159216	RUNX1;LOC100506403	SRX1803059
ENSG00000159216	RUNX1;LOC100506403	SRX3586367
ENSG00000159216	RUNX1;LOC100506403	SRX19553529
ENSG00000159216	RUNX1;LOC100506403	SRX20230015
ENSG00000159216	RUNX1;LOC100506403	SRX747571
ENSG00000159216	RUNX1;LOC100506403	SRX1041800
ENSG00000159216	RUNX1;LOC100506403	SRX20230016
ENSG00000159216	RUNX1;LOC100506403	SRX259611
ENSG00000159216	RUNX1;LOC100506403	SRX3586366
ENSG00000159216	RUNX1;LOC100506403	SRX1492212
ENSG00000159216	RUNX1;LOC100506403	SRX3586365
ENSG00000159216	RUNX1;LOC100506403	SRX015826
ENSG00000159216	RUNX1;LOC100506403	SRX18154281
ENSG00000159216	RUNX1;LOC100506403	SRX19553530
ENSG00000159216	RUNX1;LOC100506403	SRX9317681
ENSG00000159216	RUNX1;LOC100506403	SRX18154283
ENSG00000159216	RUNX1;LOC100506403	SRX20230017
ENSG00000159216	RUNX1;LOC100506403	SRX265222
ENSG00000159216	RUNX1;LOC100506403	SRX4466285
ENSG00000159216	RUNX1;LOC100506403	SRX838202
ENSG00000159216	RUNX1;LOC100506403	SRX062339
ENSG00000159216	RUNX1;LOC100506403	SRX6909701
ENSG00000159216	RUNX1;LOC100506403	SRX18154282
ENSG00000159216	RUNX1;LOC100506403	SRX23677920
ENSG00000159216	RUNX1;LOC100506403	SRX17036104
ENSG00000159216	RUNX1;LOC100506403	SRX212444
ENSG00000159216	RUNX1;LOC100506403	SRX062335
ENSG00000159216	RUNX1;LOC100506403	SRX19553541
ENSG00000159216	RUNX1;LOC100506403	SRX369126
ENSG00000159216	RUNX1;LOC100506403	SRX8068152
ENSG00000159216	RUNX1;LOC100506403	SRX202967
ENSG00000159216	RUNX1;LOC100506403	SRX952434
ENSG00000159216	RUNX1;LOC100506403	SRX062336
ENSG00000159216	RUNX1;LOC100506403	SRX212443
ENSG00000159216	RUNX1;LOC100506403	SRX1089835
ENSG00000159216	RUNX1;LOC100506403	SRX21480185
ENSG00000159216	RUNX1;LOC100506403	SRX1089834
ENSG00000159216	RUNX1;LOC100506403	SRX1036364
ENSG00000159216	RUNX1;LOC100506403	SRX1036365
ENSG00000159216	RUNX1;LOC100506403	SRX2963102
ENSG00000159216	RUNX1;LOC100506403	SRX10144601
ENSG00000159216	RUNX1;LOC100506403	SRX14890979
ENSG00000159216	RUNX1;LOC100506403	SRX11343125
ENSG00000159216	RUNX1;LOC100506403	SRX20870818
ENSG00000159216	RUNX1;LOC100506403	SRX029435
ENSG00000159216	RUNX1;LOC100506403	SRX14890968
ENSG00000159216	RUNX1;LOC100506403	SRX14890970
ENSG00000159216	RUNX1;LOC100506403	SRX14890980
ENSG00000159216	RUNX1;LOC100506403	SRX14890976
ENSG00000159216	RUNX1;LOC100506403	SRX3030206
ENSG00000159216	RUNX1;LOC100506403	SRX5729923
ENSG00000159216	RUNX1;LOC100506403	SRX14890975
ENSG00000159216	RUNX1;LOC100506403	SRX14890972
ENSG00000159216	RUNX1;LOC100506403	SRX10119136
ENSG00000159216	RUNX1;LOC100506403	SRX14890981
ENSG00000159216	RUNX1;LOC100506403	SRX2636047
ENSG00000159216	RUNX1;LOC100506403	SRX14890977
ENSG00000159216	RUNX1;LOC100506403	SRX14890971
ENSG00000159216	RUNX1;LOC100506403	SRX062337
ENSG00000159216	RUNX1;LOC100506403	SRX14890978
ENSG00000159216	RUNX1;LOC100506403	SRX21480187
ENSG00000159216	RUNX1;LOC100506403	SRX14890967
ENSG00000159216	RUNX1;LOC100506403	SRX14890982
ENSG00000159216	RUNX1;LOC100506403	SRX14890969
ENSG00000159216	RUNX1;LOC100506403	SRX2423984
ENSG00000159216	RUNX1;LOC100506403	SRX13405090
ENSG00000159216	RUNX1;LOC100506403	SRX2423983
ENSG00000159216	RUNX1;LOC100506403	SRX20870815
ENSG00000159216	RUNX1;LOC100506403	SRX20804901
ENSG00000159216	RUNX1;LOC100506403	SRX18154284
ENSG00000159216	RUNX1;LOC100506403	SRX248935
ENSG00000159216	RUNX1;LOC100506403	SRX21480188
ENSG00000159216	RUNX1;LOC100506403	SRX112545
ENSG00000159216	RUNX1;LOC100506403	SRX10119134
ENSG00000159216	RUNX1;LOC100506403	SRX10119135
ENSG00000159216	RUNX1;LOC100506403	SRX4466284
ENSG00000159216	RUNX1;LOC100506403	SRX13405091
ENSG00000159216	RUNX1;LOC100506403	SRX212442
ENSG00000159216	RUNX1;LOC100506403	SRX13405093
ENSG00000159216	RUNX1;LOC100506403	SRX13405089
ENSG00000159216	RUNX1;LOC100506403	SRX17036113
ENSG00000159216	RUNX1;LOC100506403	SRX21480189
ENSG00000159216	RUNX1;LOC100506403	SRX13405104
ENSG00000159216	RUNX1;LOC100506403	SRX14890973
ENSG00000159216	RUNX1;LOC100506403	SRX2636046
ENSG00000159216	RUNX1;LOC100506403	SRX4393711
ENSG00000159216	RUNX1;LOC100506403	SRX5567179
ENSG00000159216	RUNX1;LOC100506403	SRX206835
ENSG00000159216	RUNX1;LOC100506403	SRX10119139
ENSG00000159216	RUNX1;LOC100506403	SRX21480186
ENSG00000159216	RUNX1;LOC100506403	SRX107296
ENSG00000159216	RUNX1;LOC100506403	SRX20951835
ENSG00000159216	RUNX1;LOC100506403	SRX2014504
ENSG00000159216	RUNX1;LOC100506403	SRX3586355
ENSG00000159216	RUNX1;LOC100506403	SRX3586353
ENSG00000159216	RUNX1;LOC100506403	SRX858323
ENSG00000159216	RUNX1;LOC100506403	SRX669872
ENSG00000159216	RUNX1;LOC100506403	SRX1261522
ENSG00000159216	RUNX1;LOC100506403	SRX029083
ENSG00000159216	RUNX1;LOC100506403	SRX13405092
ENSG00000159216	RUNX1;LOC100506403	SRX062338
ENSG00000159216	RUNX1;LOC100506403	SRX3434294
ENSG00000159216	RUNX1;LOC100506403	SRX8068086
ENSG00000159216	RUNX1;LOC100506403	SRX14890974
ENSG00000159216	RUNX1;LOC100506403	SRX10119138
ENSG00000159216	RUNX1;LOC100506403	SRX8068087
ENSG00000159216	RUNX1;LOC100506403	SRX10484566
ENSG00000159216	RUNX1;LOC100506403	SRX3030205
ENSG00000159216	RUNX1;LOC100506403	ERX626872
ENSG00000159216	RUNX1;LOC100506403	SRX029085
ENSG00000159216	RUNX1;LOC100506403	SRX17036108
ENSG00000159216	RUNX1;LOC100506403	SRX112544
ENSG00000159216	RUNX1;LOC100506403	SRX682384
ENSG00000159216	RUNX1;LOC100506403	SRX8536088
ENSG00000159216	RUNX1;LOC100506403	SRX17036106
ENSG00000159216	RUNX1;LOC100506403	SRX17036110
ENSG00000159216	RUNX1;LOC100506403	SRX13405105
ENSG00000159216	RUNX1;LOC100506403	SRX8068151
ENSG00000159216	RUNX1;LOC100506403	SRX13405103
ENSG00000159216	RUNX1;LOC100506403	SRX10144608
ENSG00000159216	RUNX1;LOC100506403	SRX23677918
ENSG00000159216	RUNX1;LOC100506403	SRX23677917
ENSG00000159216	RUNX1;LOC100506403	SRX10144600
ENSG00000159216	RUNX1;LOC100506403	SRX19553542
ENSG00000159216	RUNX1;LOC100506403	SRX128783
ENSG00000159216	RUNX1;LOC100506403	SRX029081
ENSG00000159216	RUNX1;LOC100506403	SRX15203431
ENSG00000159216	RUNX1;LOC100506403	SRX10119137
ENSG00000159216	RUNX1;LOC100506403	SRX5729922
ENSG00000159216	RUNX1;LOC100506403	SRX4393712
ENSG00000159216	RUNX1;LOC100506403	SRX5567180
ENSG00000159216	RUNX1;LOC100506403	SRX858324
ENSG00000159216	RUNX1;LOC100506403	SRX063913
ENSG00000159216	RUNX1;LOC100506403	SRX23677919
ENSG00000159216	RUNX1;LOC100506403	SRX1514291
ENSG00000159216	RUNX1;LOC100506403	SRX3789540
ENSG00000159216	RUNX1;LOC100506403	SRX3789539
ENSG00000159216	RUNX1;LOC100506403	SRX10144609
ENSG00000159216	RUNX1;LOC100506403	SRX1261521
ENSG00000159216	RUNX1;LOC100506403	SRX1261520
ENSG00000159216	RUNX1;LOC100506403	SRX3789538
ENSG00000159216	RUNX1;LOC100506403	SRX20951834
ENSG00000159216	RUNX1;LOC100506403	SRX128782
ENSG00000159216	RUNX1;LOC100506403	SRX128784
ENSG00000159216	RUNX1;LOC100506403	SRX8536095
ENSG00000159216	RUNX1;LOC100506403	ERX626859
ENSG00000159216	RUNX1;LOC100506403	SRX3789541
ENSG00000159216	RUNX1;LOC100506403	SRX107295
ENSG00000159216	RUNX1;LOC100506403	SRX15203438
ENSG00000185122	HSF1	SRX3322008
ENSG00000185122	HSF1	SRX16646112
ENSG00000185122	HSF1	SRX16646111
ENSG00000185122	HSF1	SRX16646102
ENSG00000185122	HSF1	SRX262143
ENSG00000185122	HSF1	SRX13898238
ENSG00000185122	HSF1	SRX262145
ENSG00000185122	HSF1	SRX218220
ENSG00000185122	HSF1	SRX3322007
ENSG00000185122	HSF1	SRX218227
ENSG00000185122	HSF1	SRX218217
ENSG00000185122	HSF1	SRX262149
ENSG00000185122	HSF1	SRX262152
ENSG00000185122	HSF1	SRX262151
ENSG00000185122	HSF1	SRX262148
ENSG00000185122	HSF1	SRX262146
ENSG00000185122	HSF1	SRX218224
ENSG00000102878	HSF4	SRX16498557
ENSG00000102878	HSF4	SRX16498558
ENSG00000124813	RUNX2	SRX8472392
ENSG00000124813	RUNX2	SRX8472389
ENSG00000124813	RUNX2	SRX4484982
ENSG00000124813	RUNX2	SRX10644687
ENSG00000124813	RUNX2	DRX144853
ENSG00000081059	TCF7	SRX11522923
ENSG00000081059	TCF7	SRX11522924
ENSG00000081059	TCF7	SRX11522922
ENSG00000081059	TCF7	SRX2635928
ENSG00000081059	TCF7	SRX2635927
ENSG00000081059	TCF7	SRX2636402
ENSG00000081059	TCF7	SRX2636403
ENSG00000081059	TCF7	SRX10774915
ENSG00000081059	TCF7	SRX10774913
ENSG00000081059	TCF7	SRX10774916
ENSG00000081059	TCF7	SRX10774914
ENSG00000171448	ZBTB26	SRX16495649
ENSG00000171448	ZBTB26	SRX16495650
ENSG00000107485	GATA3	SRX1492213
ENSG00000107485	GATA3	SRX1041802
ENSG00000107485	GATA3	SRX158108
ENSG00000107485	GATA3	SRX158107
ENSG00000107485	GATA3	SRX092314
ENSG00000107485	GATA3	SRX092315
ENSG00000107485	GATA3	SRX7807560
ENSG00000107485	GATA3	SRX19471791
ENSG00000107485	GATA3	SRX7807559
ENSG00000107485	GATA3	SRX7807558
ENSG00000107485	GATA3	SRX15783132
ENSG00000107485	GATA3	SRX15036327
ENSG00000107485	GATA3	SRX19471790
ENSG00000107485	GATA3	SRX4705120
ENSG00000107485	GATA3	SRX15783131
ENSG00000107485	GATA3	SRX15783133
ENSG00000107485	GATA3	SRX15783134
ENSG00000107485	GATA3	SRX128781
ENSG00000107485	GATA3	SRX107287
ENSG00000107485	GATA3	SRX15036323
ENSG00000107485	GATA3	SRX7807561
ENSG00000107485	GATA3	SRX15036325
ENSG00000107485	GATA3	SRX15036329
ENSG00000107485	GATA3	SRX15036333
ENSG00000107485	GATA3	SRX15036331
ENSG00000102145	GATA1	SRX5821034
ENSG00000102145	GATA1	SRX5931551
ENSG00000102145	GATA1	SRX5821030
ENSG00000102145	GATA1	SRX150544
ENSG00000102145	GATA1	SRX1397402
ENSG00000102145	GATA1	SRX5931544
ENSG00000102145	GATA1	SRX5821031
ENSG00000102145	GATA1	SRX5931543
ENSG00000102145	GATA1	SRX1397396
ENSG00000102145	GATA1	SRX9055413
ENSG00000102145	GATA1	SRX9055414
ENSG00000102145	GATA1	SRX097068
ENSG00000102145	GATA1	SRX8536114
ENSG00000102145	GATA1	SRX10218289
ENSG00000102145	GATA1	SRX10218287
ENSG00000102145	GATA1	SRX097086
ENSG00000102145	GATA1	SRX10218291
ENSG00000102145	GATA1	SRX1397407
ENSG00000102145	GATA1	SRX8536108
ENSG00000102145	GATA1	SRX097069
ENSG00000102145	GATA1	SRX014810
ENSG00000102145	GATA1	SRX386202
ENSG00000102145	GATA1	SRX160843
ENSG00000102145	GATA1	SRX097070
ENSG00000102145	GATA1	SRX10989715
ENSG00000102145	GATA1	SRX160844
ENSG00000102145	GATA1	SRX8536109
ENSG00000102145	GATA1	SRX5169135
ENSG00000102145	GATA1	SRX1397390
ENSG00000102145	GATA1	SRX8536115
ENSG00000102145	GATA1	SRX150619
ENSG00000102145	GATA1	SRX10218288
ENSG00000102145	GATA1	SRX8536123
ENSG00000102145	GATA1	SRX8536111
ENSG00000102145	GATA1	SRX13183650
ENSG00000102145	GATA1	SRX097067
ENSG00000102145	GATA1	SRX8536107
ENSG00000102145	GATA1	SRX2481499
ENSG00000102145	GATA1	SRX218418
ENSG00000102145	GATA1	SRX10218286
ENSG00000102145	GATA1	SRX8536113
ENSG00000102145	GATA1	SRX8536124
ENSG00000102145	GATA1	SRX8536126
ENSG00000102145	GATA1	SRX8536112
ENSG00000102145	GATA1	SRX13183649
ENSG00000102145	GATA1	SRX1089823
ENSG00000102145	GATA1	SRX13183653
ENSG00000102145	GATA1	SRX13183651
ENSG00000102145	GATA1	SRX10714820
ENSG00000102145	GATA1	SRX10714834
ENSG00000102145	GATA1	SRX150413
ENSG00000102145	GATA1	SRX13183655
ENSG00000102145	GATA1	SRX10714824
ENSG00000102145	GATA1	SRX186613
ENSG00000102145	GATA1	SRX10714837
ENSG00000102145	GATA1	SRX13183657
ENSG00000102145	GATA1	SRX13183658
ENSG00000102145	GATA1	SRX8536116
ENSG00000102145	GATA1	SRX13183654
ENSG00000102145	GATA1	SRX8536106
ENSG00000102145	GATA1	SRX029433
ENSG00000102145	GATA1	SRX097108
ENSG00000102145	GATA1	SRX13183659
ENSG00000102145	GATA1	SRX10714823
ENSG00000102145	GATA1	SRX8536125
ENSG00000102145	GATA1	SRX5821038
ENSG00000102145	GATA1	SRX1397385
ENSG00000102145	GATA1	SRX5931550
ENSG00000102145	GATA1	SRX10714819
ENSG00000102145	GATA1	SRX17966408
ENSG00000102145	GATA1	SRX10714833
ENSG00000102145	GATA1	SRX6902860
ENSG00000102145	GATA1	SRX6902862
ENSG00000102145	GATA1	SRX10714836
ENSG00000102145	GATA1	SRX13602611
ENSG00000102145	GATA1	SRX13602610
ENSG00000102145	GATA1	SRX17966410
ENSG00000102145	GATA1	SRX17966411
ENSG00000102145	GATA1	SRX13602612
ENSG00000102145	GATA1	SRX029086
ENSG00000102145	GATA1	SRX099230
ENSG00000102145	GATA1	SRX099231
ENSG00000102145	GATA1	SRX10218292
ENSG00000102145	GATA1	SRX13602613
ENSG00000102145	GATA1	SRX5974577
ENSG00000102145	GATA1	SRX3445682
ENSG00000102145	GATA1	SRX5974578
ENSG00000102145	GATA1	SRX5974545
ENSG00000102145	GATA1	SRX5974546
ENSG00000102145	GATA1	SRX5974513
ENSG00000102145	GATA1	SRX3445666
ENSG00000102145	GATA1	SRX037941
ENSG00000102145	GATA1	SRX5974561
ENSG00000102145	GATA1	SRX5974529
ENSG00000102145	GATA1	SRX5974514
ENSG00000102145	GATA1	SRX5974562
ENSG00000102145	GATA1	SRX5974530
ENSG00000102145	GATA1	SRX037940
ENSG00000102145	GATA1	SRX097085
ENSG00000102145	GATA1	SRX3445674
ENSG00000102145	GATA1	SRX3445667
ENSG00000102145	GATA1	SRX5169143
ENSG00000102145	GATA1	SRX3445675
ENSG00000102145	GATA1	SRX9248422
ENSG00000102145	GATA1	SRX12151158
ENSG00000102145	GATA1	SRX12151157
ENSG00000102145	GATA1	SRX3445683
ENSG00000102145	GATA1	SRX5869439
ENSG00000102145	GATA1	SRX9248430
ENSG00000102145	GATA1	SRX1089824
ENSG00000102145	GATA1	ERX626835
ENSG00000102145	GATA1	ERX626844
ENSG00000102145	GATA1	SRX17966409
ENSG00000102145	GATA1	SRX17083212
ENSG00000102145	GATA1	SRX17083213
ENSG00000102145	GATA1	SRX17083211
ENSG00000102145	GATA1	SRX6902861
ENSG00000102145	GATA1	ERX626829
ENSG00000102145	GATA1	ERX626847
ENSG00000102145	GATA1	ERX626832
ENSG00000102145	GATA1	ERX626841
ENSG00000179348	GATA2	SRX092303
ENSG00000179348	GATA2	SRX100585
ENSG00000179348	GATA2	SRX687557
ENSG00000179348	GATA2	SRX1397391
ENSG00000179348	GATA2	SRX1397386
ENSG00000179348	GATA2	SRX1397403
ENSG00000179348	GATA2	SRX097088
ENSG00000179348	GATA2	SRX097087
ENSG00000179348	GATA2	SRX1397397
ENSG00000179348	GATA2	SRX1089836
ENSG00000179348	GATA2	SRX5169134
ENSG00000179348	GATA2	SRX1397408
ENSG00000179348	GATA2	SRX687556
ENSG00000179348	GATA2	SRX014811
ENSG00000179348	GATA2	SRX10475399
ENSG00000179348	GATA2	SRX150453
ENSG00000179348	GATA2	SRX1514279
ENSG00000179348	GATA2	SRX5169142
ENSG00000179348	GATA2	SRX16037372
ENSG00000179348	GATA2	SRX1261519
ENSG00000179348	GATA2	SRX1261518
ENSG00000179348	GATA2	SRX4393709
ENSG00000179348	GATA2	SRX265226
ENSG00000179348	GATA2	SRX4393708
ENSG00000179348	GATA2	SRX2574235
ENSG00000179348	GATA2	SRX16037371
ENSG00000179348	GATA2	SRX1261516
ENSG00000179348	GATA2	SRX1261517
ENSG00000179348	GATA2	SRX9248423
ENSG00000179348	GATA2	SRX10475400
ENSG00000179348	GATA2	SRX248934
ENSG00000179348	GATA2	SRX682386
ENSG00000179348	GATA2	SRX100320
ENSG00000179348	GATA2	SRX8536093
ENSG00000179348	GATA2	SRX8536094
ENSG00000179348	GATA2	SRX2574236
ENSG00000179348	GATA2	SRX19553545
ENSG00000179348	GATA2	SRX9248431
ENSG00000179348	GATA2	SRX19553544
ENSG00000179348	GATA2	SRX029434
ENSG00000179348	GATA2	SRX097109
ENSG00000179348	GATA2	ERX626862
ENSG00000179348	GATA2	ERX626875
ENSG00000143190	POU2F1	SRX6099463
ENSG00000028277	POU2F2	SRX9029199
ENSG00000028277	POU2F2	SRX9029198
ENSG00000028277	POU2F2	SRX9029201
ENSG00000028277	POU2F2	SRX12118515
ENSG00000028277	POU2F2	SRX12118507
ENSG00000028277	POU2F2	SRX9029211
ENSG00000028277	POU2F2	SRX12118516
ENSG00000028277	POU2F2	SRX9029200
ENSG00000028277	POU2F2	SRX3460921
ENSG00000028277	POU2F2	SRX6099459
ENSG00000028277	POU2F2	SRX12118512
ENSG00000028277	POU2F2	SRX12118509
ENSG00000028277	POU2F2	SRX100579
ENSG00000028277	POU2F2	SRX100442
ENSG00000028277	POU2F2	SRX1652877
ENSG00000028277	POU2F2	SRX1652870
ENSG00000028277	POU2F2	SRX1652871
ENSG00000028277	POU2F2	SRX9029212
ENSG00000028277	POU2F2	SRX12118518
ENSG00000028277	POU2F2	SRX12118517
ENSG00000028277	POU2F2	SRX9029210
ENSG00000028277	POU2F2	SRX1652876
ENSG00000028277	POU2F2	SRX9029213
ENSG00000204531	POU5F1	SRX5457471
ENSG00000204531	POU5F1	SRX5457472
ENSG00000141568	FOXK2	SRX3323004
ENSG00000141568	FOXK2	SRX3323005
ENSG00000141568	FOXK2	SRX2423757
ENSG00000141568	FOXK2	SRX2424047
ENSG00000141568	FOXK2	SRX2424048
ENSG00000141568	FOXK2	SRX2423758
ENSG00000114861	FOXP1	SRX5442198
ENSG00000114861	FOXP1	SRX16495722
ENSG00000114861	FOXP1	SRX4116559
ENSG00000114861	FOXP1	SRX4116561
ENSG00000114861	FOXP1	SRX758615
ENSG00000114861	FOXP1	SRX758611
ENSG00000114861	FOXP1	SRX16495721
ENSG00000114861	FOXP1	ERX1035600
ENSG00000114861	FOXP1	SRX758617
ENSG00000114861	FOXP1	SRX758607
ENSG00000114861	FOXP1	ERX1035598
ENSG00000114861	FOXP1	SRX758613
ENSG00000114861	FOXP1	ERX1035596
ENSG00000114861	FOXP1	ERX1035594
ENSG00000114861	FOXP1	SRX758619
ENSG00000114861	FOXP1	SRX758609
ENSG00000054598	FOXC1	SRX9317668
ENSG00000054598	FOXC1	SRX11343127
ENSG00000054598	FOXC1	SRX9317675
ENSG00000135365	PHF21A	SRX3321952
ENSG00000135365	PHF21A	SRX3321953
ENSG00000119950	MXI1	SRX150510
ENSG00000119950	MXI1	SRX150576
ENSG00000111206	FOXM1	SRX190187
ENSG00000111206	FOXM1	SRX3322301
ENSG00000111206	FOXM1	SRX16499965
ENSG00000111206	FOXM1	SRX16499964
ENSG00000111206	FOXM1	SRX3322300
ENSG00000129514	FOXA1	SRX8453147
ENSG00000129514	FOXA1	SRX8453149
ENSG00000129514	FOXA1	SRX2424503
ENSG00000129514	FOXA1	SRX2424502
ENSG00000276644	DACH1	SRX5457170
ENSG00000276644	DACH1	SRX5457169
ENSG00000071564	TCF3	SRX2043230
ENSG00000071564	TCF3	SRX158106
ENSG00000071564	TCF3	SRX190201
ENSG00000071564	TCF3	SRX10478378
ENSG00000071564	TCF3	SRX656347
ENSG00000071564	TCF3	SRX10478377
ENSG00000071564	TCF3	SRX2043226
ENSG00000071564	TCF3	SRX236115
ENSG00000071564	TCF3	SRX1212540
ENSG00000071564	TCF3	SRX7083392
ENSG00000071564	TCF3	SRX158105
ENSG00000071564	TCF3	SRX128780
ENSG00000071564	TCF3	SRX107286
ENSG00000185630	PBX1	SRX2043232
ENSG00000185630	PBX1	SRX6909700
ENSG00000185630	PBX1	SRX656349
ENSG00000185630	PBX1	SRX9892483
ENSG00000185630	PBX1	SRX9892487
ENSG00000185630	PBX1	SRX9892489
ENSG00000185630	PBX1	SRX9892485
ENSG00000185630	PBX1	SRX3655131
ENSG00000185630	PBX1	SRX3655130
ENSG00000147421	HMBOX1	SRX2636283
ENSG00000147421	HMBOX1	SRX2636284
ENSG00000078399	HOXA9	SRX150750
ENSG00000078399	HOXA9	SRX150752
ENSG00000120068	HOXB8	SRX4882227
ENSG00000108511	HOXB6	SRX16500146
ENSG00000108511	HOXB6	SRX16500145
ENSG00000008441	NFIX	SRX10478310
ENSG00000008441	NFIX	SRX10478309
ENSG00000141905	NFIC	SRX190337
ENSG00000141905	NFIC	SRX3323078
ENSG00000141905	NFIC	SRX3323077
ENSG00000169635	HIC2	SRX13711950
ENSG00000169635	HIC2	SRX17966414
ENSG00000169635	HIC2	SRX17966412
ENSG00000169635	HIC2	SRX17966413
ENSG00000169635	HIC2	SRX17966415
ENSG00000125398	SOX9	SRX11416753
ENSG00000164916	FOXK1	SRX16500156
ENSG00000164916	FOXK1	SRX16500157
ENSG00000184481	FOXO4	SRX10977319
ENSG00000184481	FOXO4	SRX10977320
ENSG00000175387	SMAD2	SRX5186323
ENSG00000175387	SMAD2	SRX2423581
ENSG00000175387	SMAD2	SRX2423582
ENSG00000049768	FOXP3	SRX212445
ENSG00000049768	FOXP3	SRX212447
ENSG00000049768	FOXP3	SRX212448
ENSG00000049768	FOXP3	SRX212446
ENSG00000116016	EPAS1	SRX212355
ENSG00000116016	EPAS1	SRX212365
ENSG00000116016	EPAS1	SRX212357
ENSG00000116016	EPAS1	SRX212363
ENSG00000116016	EPAS1	SRX212364
ENSG00000116016	EPAS1	SRX212356
ENSG00000116016	EPAS1	SRX212358
ENSG00000116016	EPAS1	SRX212366
ENSG00000143437	ARNT	SRX2423555
ENSG00000143437	ARNT	SRX5457279
ENSG00000143437	ARNT	SRX2423556
ENSG00000143437	ARNT	SRX3322257
ENSG00000143437	ARNT	SRX5457280
ENSG00000143437	ARNT	SRX5457204
ENSG00000143437	ARNT	SRX3322256
ENSG00000143437	ARNT	SRX5457205
ENSG00000073861	TBX21	SRX735289
ENSG00000073861	TBX21	SRX1799593
ENSG00000073861	TBX21	SRX2424362
ENSG00000073861	TBX21	SRX1799591
ENSG00000073861	TBX21	SRX2424363
ENSG00000073861	TBX21	SRX092313
ENSG00000204304	PBX2	SRX2423704
ENSG00000204304	PBX2	SRX2423703
ENSG00000204304	PBX2	SRX2636099
ENSG00000204304	PBX2	SRX2636098
ENSG00000100644	HIF1A	SRX8180617
ENSG00000100644	HIF1A	SRX7494163
ENSG00000100644	HIF1A	SRX8180621
ENSG00000100644	HIF1A	SRX212354
ENSG00000100644	HIF1A	SRX7494164
ENSG00000100644	HIF1A	SRX212361
ENSG00000100644	HIF1A	SRX7494162
ENSG00000100644	HIF1A	SRX7494161
ENSG00000100644	HIF1A	SRX212353
ENSG00000100644	HIF1A	SRX212360
ENSG00000100644	HIF1A	SRX212352
ENSG00000100644	HIF1A	SRX212351
ENSG00000100644	HIF1A	SRX8180623
ENSG00000100644	HIF1A	SRX212359
ENSG00000100644	HIF1A	SRX212362
ENSG00000175592	FOSL1	SRX3322097
ENSG00000175592	FOSL1	SRX100484
ENSG00000175592	FOSL1	SRX10954237
ENSG00000175592	FOSL1	SRX3322098
ENSG00000175592	FOSL1	SRX2821739
ENSG00000175592	FOSL1	SRX2821736
ENSG00000175592	FOSL1	SRX2821737
ENSG00000175592	FOSL1	SRX2821738
ENSG00000175592	FOSL1	SRX10954239
ENSG00000170345	FOS	SRX6944145
ENSG00000170345	FOS	SRX6944149
