ENSG00000245848	CEBPA	SRX9317683
ENSG00000245848	CEBPA	SRX9317684
ENSG00000245848	CEBPA	SRX8272875
ENSG00000245848	CEBPA	SRX8272874
ENSG00000245848	CEBPA	SRX8272873
ENSG00000245848	CEBPA	SRX5141100
ENSG00000245848	CEBPA	SRX8272876
ENSG00000245848	CEBPA	SRX8272897
ENSG00000245848	CEBPA	SRX8272877
ENSG00000245848	CEBPA	SRX8272898
ENSG00000245848	CEBPA	SRX8272878
ENSG00000245848	CEBPA	SRX8272879
ENSG00000245848	CEBPA	SRX17036111
ENSG00000245848	CEBPA	SRX17036103
ENSG00000245848	CEBPA	SRX097096
ENSG00000245848	CEBPA	SRX8272880
ENSG00000245848	CEBPA	SRX5141101
ENSG00000245848	CEBPA	SRX097110
ENSG00000245848	CEBPA	SRX10119114
ENSG00000245848	CEBPA	SRX10119113
ENSG00000245848	CEBPA	SRX10119115
ENSG00000245848	CEBPA	SRX4705113
ENSG00000245848	CEBPA	SRX4705115
ENSG00000245848	CEBPA	SRX3098197
ENSG00000245848	CEBPA	SRX097095
ENSG00000245848	CEBPA	SRX21805435
ENSG00000245848	CEBPA	SRX21805433
ENSG00000245848	CEBPA	SRX15986419
ENSG00000245848	CEBPA	ERX626865
ENSG00000245848	CEBPA	SRX2245499
ENSG00000245848	CEBPA	SRX3098198
ENSG00000245848	CEBPA	SRX10119111
ENSG00000245848	CEBPA	SRX10119112
ENSG00000245848	CEBPA	SRX10119110
ENSG00000245848	CEBPA	SRX20230012
ENSG00000245848	CEBPA	SRX20230011
ENSG00000245848	CEBPA	SRX20230014
ENSG00000245848	CEBPA	SRX20230013
ENSG00000245848	CEBPA	SRX19553527
ENSG00000245848	CEBPA	SRX19553528
ENSG00000245848	CEBPA	SRX17036109
ENSG00000245848	CEBPA	SRX3098199
ENSG00000245848	CEBPA	SRX3098200
ENSG00000245848	CEBPA	SRX8621693
ENSG00000245848	CEBPA	SRX3098190
ENSG00000245848	CEBPA	SRX5157157
ENSG00000245848	CEBPA	ERX626852
ENSG00000245848	CEBPA	SRX3098189
ENSG00000245848	CEBPA	SRX097105
ENSG00000245848	CEBPA	SRX5157161
ENSG00000245848	CEBPA	SRX5157156
ENSG00000245848	CEBPA	SRX5157165
ENSG00000245848	CEBPA	SRX5157160
ENSG00000245848	CEBPA	SRX3098192
ENSG00000245848	CEBPA	SRX3098191
ENSG00000245848	CEBPA	SRX698185
ENSG00000245848	CEBPA	SRX698184
ENSG00000245848	CEBPA	SRX5157148
ENSG00000245848	CEBPA	SRX5157164
ENSG00000245848	CEBPA	SRX5157150
ENSG00000245848	CEBPA	SRX5157149
ENSG00000245848	CEBPA	SRX5157162
ENSG00000245848	CEBPA	SRX5157151
ENSG00000245848	CEBPA	SRX5157163
ENSG00000245848	CEBPA	SRX5157153
ENSG00000245848	CEBPA	SRX5157159
ENSG00000245848	CEBPA	SRX5157158
ENSG00000245848	CEBPA	SRX5157154
ENSG00000245848	CEBPA	SRX5157155
ENSG00000245848	CEBPA	SRX5157152
ENSG00000245848	CEBPA	SRX17036105
ENSG00000245848	CEBPA	SRX17036107
ENSG00000196214	ZNF766	SRX3322142
ENSG00000196214	ZNF766	SRX3322141
ENSG00000092067	CEBPE	ERX626783
ENSG00000092067	CEBPE	ERX626858
ENSG00000092067	CEBPE	ERX626871
ENSG00000072736	NFATC3	SRX5457566
ENSG00000072736	NFATC3	SRX5457190
ENSG00000072736	NFATC3	SRX5457189
ENSG00000072736	NFATC3	SRX3322488
ENSG00000072736	NFATC3	SRX3322487
ENSG00000072736	NFATC3	SRX5457565
ENSG00000172216	CEBPB	SRX9029194
ENSG00000172216	CEBPB	SRX2770847
ENSG00000172216	CEBPB	SRX190334
ENSG00000172216	CEBPB	SRX190306
ENSG00000172216	CEBPB	SRX2770845
ENSG00000172216	CEBPB	SRX150578
ENSG00000172216	CEBPB	SRX2957422
ENSG00000172216	CEBPB	SRX3244993
ENSG00000172216	CEBPB	SRX2770846
ENSG00000172216	CEBPB	SRX3244992
ENSG00000172216	CEBPB	SRX9029195
ENSG00000172216	CEBPB	SRX2770844
ENSG00000172216	CEBPB	SRX2424305
ENSG00000172216	CEBPB	SRX2423912
ENSG00000172216	CEBPB	SRX10212069
ENSG00000172216	CEBPB	SRX7397471
ENSG00000172216	CEBPB	SRX2424306
ENSG00000172216	CEBPB	SRX885891
ENSG00000172216	CEBPB	ERX704050
ENSG00000172216	CEBPB	SRX885897
ENSG00000172216	CEBPB	SRX7397470
ENSG00000172216	CEBPB	SRX093190
ENSG00000172216	CEBPB	SRX2245500
ENSG00000172216	CEBPB	SRX885895
ENSG00000172216	CEBPB	SRX3434296
ENSG00000172216	CEBPB	SRX10212070
ENSG00000172216	CEBPB	SRX885893
ENSG00000172216	CEBPB	SRX10212068
ENSG00000172216	CEBPB	SRX10212064
ENSG00000172216	CEBPB	SRX885892
ENSG00000172216	CEBPB	SRX885896
ENSG00000172216	CEBPB	SRX10212063
ENSG00000172216	CEBPB	SRX885894
ENSG00000172216	CEBPB	SRX9029207
ENSG00000172216	CEBPB	SRX6813402
ENSG00000172216	CEBPB	SRX4001955
ENSG00000172216	CEBPB	SRX2423913
ENSG00000172216	CEBPB	SRX4394541
ENSG00000172216	CEBPB	SRX4394540
ENSG00000172216	CEBPB	SRX10212062
ENSG00000172216	CEBPB	SRX4001957
ENSG00000172216	CEBPB	SRX885898
ENSG00000172216	CEBPB	SRX9029206
ENSG00000172216	CEBPB	SRX4001954
ENSG00000172216	CEBPB	SRX4001956
ENSG00000172216	CEBPB	ERX704034
ENSG00000172216	CEBPB	SRX3263401
ENSG00000172216	CEBPB	SRX6813410
ENSG00000172216	CEBPB	SRX3263402
ENSG00000172216	CEBPB	SRX093184
ENSG00000078399	HOXA9	SRX150750
ENSG00000078399	HOXA9	SRX150752
ENSG00000120068	HOXB8	SRX4882227
ENSG00000173275	ZNF449	SRX16500178
ENSG00000173275	ZNF449	SRX16500177
ENSG00000174197	MGA	SRX3322716
ENSG00000174197	MGA	SRX3322715
ENSG00000196092	PAX5	SRX243762
ENSG00000196092	PAX5	SRX1048460
ENSG00000196092	PAX5	SRX243760
ENSG00000196092	PAX5	SRX1048482
ENSG00000196092	PAX5	SRX4211810
ENSG00000196092	PAX5	SRX243763
ENSG00000196092	PAX5	SRX243764
ENSG00000196092	PAX5	SRX15117368
ENSG00000196092	PAX5	SRX243761
ENSG00000196092	PAX5	SRX100407
ENSG00000196092	PAX5	SRX100436
ENSG00000196092	PAX5	SRX243765
ENSG00000196092	PAX5	SRX15117376
ENSG00000196092	PAX5	SRX15117372
ENSG00000196092	PAX5	SRX15117380
ENSG00000196092	PAX5	SRX100379
ENSG00000196092	PAX5	SRX100382
ENSG00000196092	PAX5	SRX7083407
ENSG00000196092	PAX5	SRX11896368
ENSG00000075426	FOSL2	SRX10954243
ENSG00000075426	FOSL2	SRX10954241
ENSG00000169016	E2F6	SRX8064815
ENSG00000169016	E2F6	SRX8064814
ENSG00000169016	E2F6	SRX100514
ENSG00000169016	E2F6	SRX059373
ENSG00000169016	E2F6	SRX150676
ENSG00000130522	JUND	SRX092301
ENSG00000130522	JUND	SRX186639
ENSG00000130522	JUND	SRX150648
ENSG00000130522	JUND	SRX8536092
ENSG00000130522	JUND	SRX082162
ENSG00000130522	JUND	SRX150620
ENSG00000130522	JUND	SRX4390178
ENSG00000130522	JUND	SRX4390177
ENSG00000130522	JUND	SRX8536091
ENSG00000175592	FOSL1	SRX3322097
ENSG00000175592	FOSL1	SRX100484
ENSG00000175592	FOSL1	SRX10954237
ENSG00000175592	FOSL1	SRX3322098
ENSG00000175592	FOSL1	SRX2821739
ENSG00000175592	FOSL1	SRX2821736
ENSG00000175592	FOSL1	SRX2821737
ENSG00000175592	FOSL1	SRX2821738
ENSG00000175592	FOSL1	SRX10954239
ENSG00000100644	HIF1A	SRX8180617
ENSG00000100644	HIF1A	SRX7494163
ENSG00000100644	HIF1A	SRX8180621
ENSG00000100644	HIF1A	SRX212354
ENSG00000100644	HIF1A	SRX7494164
ENSG00000100644	HIF1A	SRX212361
ENSG00000100644	HIF1A	SRX7494162
ENSG00000100644	HIF1A	SRX7494161
ENSG00000100644	HIF1A	SRX212353
ENSG00000100644	HIF1A	SRX212360
ENSG00000100644	HIF1A	SRX212352
ENSG00000100644	HIF1A	SRX212351
ENSG00000100644	HIF1A	SRX8180623
ENSG00000100644	HIF1A	SRX212359
ENSG00000100644	HIF1A	SRX212362
ENSG00000143437	ARNT	SRX2423555
ENSG00000143437	ARNT	SRX5457279
ENSG00000143437	ARNT	SRX2423556
ENSG00000143437	ARNT	SRX3322257
ENSG00000143437	ARNT	SRX5457280
ENSG00000143437	ARNT	SRX5457204
ENSG00000143437	ARNT	SRX3322256
ENSG00000143437	ARNT	SRX5457205
ENSG00000067082	KLF6	SRX10475759
ENSG00000067082	KLF6	SRX10475760
ENSG00000155090	KLF10	SRX10476484
ENSG00000155090	KLF10	SRX10476483
ENSG00000071794	HLTF	SRX2423431
ENSG00000071794	HLTF	SRX2423430
ENSG00000138795	LEF1	SRX11522919
ENSG00000138795	LEF1	SRX11522920
ENSG00000138795	LEF1	SRX2423803
ENSG00000138795	LEF1	SRX2423804
ENSG00000138795	LEF1	SRX3322824
ENSG00000138795	LEF1	SRX3322825
ENSG00000138795	LEF1	SRX11522921
ENSG00000138795	LEF1	SRX10774917
ENSG00000138795	LEF1	SRX10774918
ENSG00000138795	LEF1	SRX10774920
ENSG00000138795	LEF1	SRX10774919
ENSG00000148737	TCF7L2	SRX097098
ENSG00000148737	TCF7L2	SRX097075
ENSG00000148737	TCF7L2	SRX097074
ENSG00000148737	TCF7L2	SRX2424566
ENSG00000148737	TCF7L2	SRX101163
ENSG00000148737	TCF7L2	SRX2424567
ENSG00000148737	TCF7L2	SRX097091
ENSG00000049768	FOXP3	SRX212445
ENSG00000049768	FOXP3	SRX212447
ENSG00000049768	FOXP3	SRX212448
ENSG00000049768	FOXP3	SRX212446
ENSG00000081059	TCF7	SRX11522923
ENSG00000081059	TCF7	SRX11522924
ENSG00000081059	TCF7	SRX11522922
ENSG00000081059	TCF7	SRX2635928
ENSG00000081059	TCF7	SRX2635927
ENSG00000081059	TCF7	SRX2636402
ENSG00000081059	TCF7	SRX2636403
ENSG00000081059	TCF7	SRX10774915
ENSG00000081059	TCF7	SRX10774913
ENSG00000081059	TCF7	SRX10774916
ENSG00000081059	TCF7	SRX10774914
ENSG00000108511	HOXB6	SRX16500146
ENSG00000108511	HOXB6	SRX16500145
ENSG00000118513	MYB	SRX14649557
ENSG00000118513	MYB	SRX14649556
ENSG00000118513	MYB	SRX725584
ENSG00000118513	MYB	SRX725582
ENSG00000118513	MYB	SRX725578
ENSG00000118513	MYB	SRX658610
ENSG00000118513	MYB	SRX658611
ENSG00000118513	MYB	SRX725586
ENSG00000118513	MYB	SRX10119147
ENSG00000118513	MYB	SRX10119149
ENSG00000118513	MYB	SRX20804899
ENSG00000118513	MYB	SRX10119178
ENSG00000118513	MYB	SRX10119159
ENSG00000118513	MYB	SRX10119158
ENSG00000118513	MYB	SRX10119148
ENSG00000118513	MYB	SRX2524362
ENSG00000118513	MYB	SRX2524363
ENSG00000118513	MYB	SRX2424497
ENSG00000118513	MYB	SRX2424496
ENSG00000118513	MYB	SRX10119179
ENSG00000118513	MYB	SRX10119177
ENSG00000118513	MYB	SRX10119157
ENSG00000118513	MYB	SRX2524358
ENSG00000118513	MYB	SRX10119168
ENSG00000118513	MYB	SRX10119169
ENSG00000118513	MYB	SRX10119167
ENSG00000118513	MYB	SRX4484990
ENSG00000118513	MYB	SRX4398451
ENSG00000118513	MYB	SRX4398450
ENSG00000118513	MYB	SRX2524366
ENSG00000118513	MYB	SRX2524364
ENSG00000118513	MYB	SRX2524360
ENSG00000118513	MYB	SRX2524365
ENSG00000118513	MYB	SRX2524361
ENSG00000118513	MYB	SRX2524359
ENSG00000185122	HSF1	SRX3322008
ENSG00000185122	HSF1	SRX16646112
ENSG00000185122	HSF1	SRX16646111
ENSG00000185122	HSF1	SRX16646102
ENSG00000185122	HSF1	SRX262143
ENSG00000185122	HSF1	SRX13898238
ENSG00000185122	HSF1	SRX262145
ENSG00000185122	HSF1	SRX218220
ENSG00000185122	HSF1	SRX3322007
ENSG00000185122	HSF1	SRX218227
ENSG00000185122	HSF1	SRX218217
ENSG00000185122	HSF1	SRX262149
ENSG00000185122	HSF1	SRX262152
ENSG00000185122	HSF1	SRX262151
ENSG00000185122	HSF1	SRX262148
ENSG00000185122	HSF1	SRX262146
ENSG00000185122	HSF1	SRX218224
ENSG00000102878	HSF4	SRX16498557
ENSG00000102878	HSF4	SRX16498558
ENSG00000025156	HSF2	SRX218218
ENSG00000025156	HSF2	SRX218221
ENSG00000025156	HSF2	SRX218225
ENSG00000025156	HSF2	SRX218228
ENSG00000115415	STAT1	SRX2961562
ENSG00000115415	STAT1	SRX2961561
ENSG00000115415	STAT1	SRX212650
ENSG00000115415	STAT1	SRX212648
ENSG00000115415	STAT1	SRX2423788
ENSG00000115415	STAT1	SRX212649
ENSG00000115415	STAT1	SRX212651
ENSG00000115415	STAT1	SRX2961557
ENSG00000115415	STAT1	SRX212652
ENSG00000115415	STAT1	SRX150691
ENSG00000115415	STAT1	SRX212647
ENSG00000115415	STAT1	SRX23678694
ENSG00000115415	STAT1	SRX2961558
ENSG00000115415	STAT1	SRX2961560
ENSG00000115415	STAT1	SRX2961559
ENSG00000115415	STAT1	SRX23678697
ENSG00000115415	STAT1	SRX23678693
ENSG00000115415	STAT1	SRX23678699
ENSG00000115415	STAT1	SRX23678700
ENSG00000115415	STAT1	SRX150567
ENSG00000115415	STAT1	SRX150566
ENSG00000115415	STAT1	SRX2423787
ENSG00000115415	STAT1	SRX150551
ENSG00000115415	STAT1	SRX5503140
ENSG00000115415	STAT1	SRX150550
ENSG00000115415	STAT1	SRX23678707
ENSG00000115415	STAT1	SRX23678708
ENSG00000115415	STAT1	SRX23678696
ENSG00000115415	STAT1	SRX041286
ENSG00000115415	STAT1	SRX23678705
ENSG00000115415	STAT1	SRX23678709
ENSG00000115415	STAT1	SRX23678710
ENSG00000115415	STAT1	SRX23678712
ENSG00000115415	STAT1	SRX23678706
ENSG00000115415	STAT1	SRX23678711
ENSG00000115415	STAT1	SRX5503141
ENSG00000115415	STAT1	SRX041287
ENSG00000115415	STAT1	SRX23678698
ENSG00000115415	STAT1	SRX23678695
ENSG00000169083	AR	SRX8453142
ENSG00000169083	AR	SRX5853001
ENSG00000169083	AR	SRX5853000
ENSG00000169083	AR	SRX5852998
ENSG00000169083	AR	SRX5852999
ENSG00000169083	AR	SRX8453140
ENSG00000135365	PHF21A	SRX3321952
ENSG00000135365	PHF21A	SRX3321953
ENSG00000101096	NFATC2	SRX4345356
ENSG00000101096	NFATC2	SRX6944156
ENSG00000101096	NFATC2	SRX3279752
ENSG00000101096	NFATC2	SRX4345358
ENSG00000101096	NFATC2	SRX6944155
ENSG00000101096	NFATC2	SRX4345359
ENSG00000101096	NFATC2	SRX6944157
ENSG00000101096	NFATC2	SRX4345357
ENSG00000101096	NFATC2	SRX21431889
ENSG00000101096	NFATC2	SRX21431890
ENSG00000101096	NFATC2	SRX21431891
ENSG00000115507	OTX1	SRX16500183
ENSG00000115507	OTX1	SRX16500182
ENSG00000173039	RELA	SRX14333238
ENSG00000173039	RELA	SRX2837382
ENSG00000173039	RELA	SRX017878
ENSG00000173039	RELA	SRX017891
ENSG00000173039	RELA	SRX150608
ENSG00000173039	RELA	SRX150605
ENSG00000173039	RELA	SRX150606
ENSG00000173039	RELA	SRX017879
ENSG00000173039	RELA	SRX1460848
ENSG00000173039	RELA	SRX4401061
ENSG00000173039	RELA	SRX256999
ENSG00000173039	RELA	SRX2424412
ENSG00000173039	RELA	SRX1460847
ENSG00000173039	RELA	SRX150362
ENSG00000173039	RELA	SRX14333223
ENSG00000173039	RELA	SRX14333232
ENSG00000173039	RELA	SRX017912
ENSG00000173039	RELA	SRX4401065
ENSG00000173039	RELA	SRX14333229
ENSG00000173039	RELA	SRX150353
ENSG00000173039	RELA	SRX14333235
ENSG00000173039	RELA	SRX14333244
ENSG00000173039	RELA	SRX4401064
ENSG00000173039	RELA	SRX257000
ENSG00000173039	RELA	SRX14333247
ENSG00000173039	RELA	SRX256998
ENSG00000173039	RELA	SRX150557
ENSG00000173039	RELA	SRX2424413
ENSG00000173039	RELA	SRX14333241
ENSG00000173039	RELA	SRX256997
ENSG00000173039	RELA	SRX14333226
ENSG00000173039	RELA	SRX4401063
ENSG00000173039	RELA	SRX150365
ENSG00000173039	RELA	SRX017871
ENSG00000173039	RELA	SRX017913
ENSG00000173039	RELA	SRX150610
ENSG00000173039	RELA	SRX4401066
ENSG00000173039	RELA	SRX7083406
ENSG00000173039	RELA	SRX017895
ENSG00000173039	RELA	SRX150359
ENSG00000173039	RELA	SRX14499808
ENSG00000173039	RELA	SRX14499809
ENSG00000173039	RELA	SRX017911
ENSG00000173039	RELA	SRX017859
ENSG00000173039	RELA	SRX4001967
ENSG00000173039	RELA	SRX017865
ENSG00000173039	RELA	SRX017863
ENSG00000173039	RELA	SRX017867
ENSG00000173039	RELA	SRX017870
ENSG00000173039	RELA	SRX017866
ENSG00000173039	RELA	SRX017860
ENSG00000173039	RELA	SRX017858
ENSG00000173039	RELA	SRX150361
ENSG00000173039	RELA	SRX017888
ENSG00000173039	RELA	SRX017897
ENSG00000173039	RELA	SRX017890
ENSG00000173039	RELA	SRX017907
ENSG00000173039	RELA	SRX017900
ENSG00000173039	RELA	SRX017884
ENSG00000173039	RELA	SRX017906
ENSG00000173039	RELA	SRX017872
ENSG00000173039	RELA	SRX017902
ENSG00000173039	RELA	SRX017887
ENSG00000173039	RELA	SRX017894
ENSG00000173039	RELA	SRX017889
ENSG00000173039	RELA	SRX4401062
ENSG00000173039	RELA	SRX017901
ENSG00000173039	RELA	SRX017908
ENSG00000173039	RELA	SRX790965
ENSG00000173039	RELA	SRX790966
ENSG00000173039	RELA	SRX4001966
ENSG00000173039	RELA	SRX017882
ENSG00000173039	RELA	SRX017877
ENSG00000173039	RELA	SRX017883
ENSG00000173039	RELA	SRX017905
ENSG00000173039	RELA	SRX017875
ENSG00000173039	RELA	SRX017864
ENSG00000173039	RELA	SRX017896
ENSG00000173039	RELA	SRX017876
ENSG00000173039	RELA	SRX5371743
ENSG00000173039	RELA	SRX5371742
ENSG00000141646	SMAD4	SRX10976443
ENSG00000141646	SMAD4	SRX10976444
ENSG00000111424	VDR	SRX387777
ENSG00000111424	VDR	SRX022394
ENSG00000111424	VDR	SRX022396
ENSG00000111424	VDR	SRX022391
ENSG00000111424	VDR	SRX022390
ENSG00000111424	VDR	SRX022393
ENSG00000111424	VDR	SRX022395
ENSG00000111424	VDR	SRX022392
ENSG00000111424	VDR	SRX022397
ENSG00000111424	VDR	SRX045434
ENSG00000111424	VDR	SRX2319761
ENSG00000111424	VDR	SRX360404
ENSG00000111424	VDR	SRX360402
ENSG00000111424	VDR	SRX7756149
ENSG00000111424	VDR	SRX2319763
ENSG00000111424	VDR	SRX2319765
ENSG00000111424	VDR	SRX2319760
ENSG00000111424	VDR	SRX7756148
ENSG00000111424	VDR	SRX2319757
ENSG00000111424	VDR	SRX2319759
ENSG00000111424	VDR	SRX2319762
ENSG00000111424	VDR	SRX360403
ENSG00000111424	VDR	SRX2319754
ENSG00000111424	VDR	SRX7756142
ENSG00000111424	VDR	SRX7756145
ENSG00000111424	VDR	SRX2319758
ENSG00000111424	VDR	SRX7756143
ENSG00000111424	VDR	SRX2319756
ENSG00000111424	VDR	SRX2319764
ENSG00000111424	VDR	SRX7756146
ENSG00000111424	VDR	SRX2319755
ENSG00000111424	VDR	SRX387776
ENSG00000111424	VDR	SRX045435
ENSG00000164330	EBF1	SRX150455
ENSG00000164330	EBF1	SRX10060725
ENSG00000164330	EBF1	SRX100431
ENSG00000164330	EBF1	SRX10774924
ENSG00000164330	EBF1	SRX10774923
ENSG00000164330	EBF1	SRX1456192
ENSG00000164330	EBF1	SRX1456193
ENSG00000164330	EBF1	SRX12027417
ENSG00000164330	EBF1	SRX12027422
ENSG00000164330	EBF1	SRX12027421
ENSG00000164330	EBF1	SRX22183907
ENSG00000164330	EBF1	SRX22183908
ENSG00000164330	EBF1	SRX10774921
ENSG00000164330	EBF1	SRX10774922
ENSG00000164330	EBF1	SRX11896367
ENSG00000169957	ZNF768	SRX3797277
ENSG00000169957	ZNF768	SRX3797278
ENSG00000102554	KLF5	SRX5457563
ENSG00000102554	KLF5	SRX5457562
ENSG00000175387	SMAD2	SRX5186323
ENSG00000175387	SMAD2	SRX2423581
ENSG00000175387	SMAD2	SRX2423582
ENSG00000178951	ZBTB7A	SRX10313956
ENSG00000178951	ZBTB7A	SRX3161004
ENSG00000178951	ZBTB7A	SRX3161002
ENSG00000178951	ZBTB7A	SRX10313958
ENSG00000178951	ZBTB7A	SRX3161003
ENSG00000178951	ZBTB7A	SRX3161001
ENSG00000178951	ZBTB7A	SRX100518
ENSG00000178951	ZBTB7A	SRX3161011
ENSG00000178951	ZBTB7A	SRX3161009
ENSG00000196628	TCF4	SRX1491252
ENSG00000196628	TCF4	SRX220960
ENSG00000196628	TCF4	SRX1491250
ENSG00000177932	ZNF354C	SRX16495539
ENSG00000177932	ZNF354C	SRX16495540
ENSG00000105698	USF2	SRX150637
ENSG00000105698	USF2	SRX3322411
ENSG00000105698	USF2	SRX3322412
ENSG00000105698	USF2	SRX10478333
ENSG00000105698	USF2	SRX10478334
ENSG00000105698	USF2	SRX9004382
ENSG00000105698	USF2	SRX9004384
ENSG00000105698	USF2	SRX9004387
ENSG00000105698	USF2	SRX9004385
ENSG00000105698	USF2	SRX9004386
ENSG00000105698	USF2	SRX1042050
ENSG00000105698	USF2	SRX9004381
ENSG00000105698	USF2	SRX9004383
ENSG00000105698	USF2	SRX150436
ENSG00000105698	USF2	SRX3768263
ENSG00000105698	USF2	SRX3768264
ENSG00000158773	USF1	SRX100486
ENSG00000158773	USF1	SRX16498524
ENSG00000158773	USF1	SRX16498525
ENSG00000158773	USF1	SRX100392
ENSG00000158773	USF1	SRX1042049
ENSG00000187098	MITF	SRX5457409
ENSG00000187098	MITF	SRX5457408
ENSG00000187098	MITF	SRX2630444
ENSG00000187098	MITF	SRX2630443
ENSG00000068323	TFE3	SRX10478307
ENSG00000068323	TFE3	SRX10478306
ENSG00000198911	SREBF2	SRX5624369
ENSG00000198911	SREBF2	SRX5624367
ENSG00000198911	SREBF2	SRX5624368
ENSG00000198911	SREBF2	SRX5624370
ENSG00000198911	SREBF2	SRX186608
ENSG00000198911	SREBF2	SRX10476703
ENSG00000198911	SREBF2	SRX10476704
ENSG00000147421	HMBOX1	SRX2636283
ENSG00000147421	HMBOX1	SRX2636284
ENSG00000137265	IRF4	SRX14648668
ENSG00000137265	IRF4	SRX14648670
ENSG00000137265	IRF4	SRX100435
ENSG00000137265	IRF4	SRX327760
ENSG00000137265	IRF4	SRX6800707
ENSG00000137265	IRF4	SRX7428079
ENSG00000137265	IRF4	SRX3279750
ENSG00000137265	IRF4	SRX8602207
ENSG00000137265	IRF4	SRX21879462
ENSG00000137265	IRF4	SRX6800702
ENSG00000137265	IRF4	SRX6800710
ENSG00000137265	IRF4	SRX6800705
ENSG00000137265	IRF4	SRX8468848
ENSG00000137265	IRF4	SRX2548278
ENSG00000137265	IRF4	SRX518670
ENSG00000137265	IRF4	SRX518679
ENSG00000137265	IRF4	SRX8468846
ENSG00000137265	IRF4	SRX8602203
ENSG00000137265	IRF4	SRX8602199
ENSG00000137265	IRF4	SRX8602201
ENSG00000137265	IRF4	SRX8602205
ENSG00000137265	IRF4	SRX518675
ENSG00000137265	IRF4	SRX7083401
ENSG00000137265	IRF4	SRX8602206
ENSG00000137265	IRF4	SRX8602200
ENSG00000137265	IRF4	SRX17134565
ENSG00000137265	IRF4	SRX17134564
ENSG00000137265	IRF4	SRX8602204
ENSG00000137265	IRF4	SRX22541955
ENSG00000137265	IRF4	SRX8602208
ENSG00000137265	IRF4	SRX14648669
ENSG00000137265	IRF4	SRX8602202
ENSG00000137265	IRF4	SRX8602210
ENSG00000137265	IRF4	SRX518683
ENSG00000137265	IRF4	SRX8602209
ENSG00000137265	IRF4	SRX22541957
ENSG00000137265	IRF4	SRX22541967
ENSG00000137265	IRF4	SRX22541965
ENSG00000137265	IRF4	SRX2548280
ENSG00000137265	IRF4	SRX518687
ENSG00000137265	IRF4	SRX21879464
ENSG00000137265	IRF4	SRX6073298
ENSG00000137265	IRF4	SRX6073299
ENSG00000137265	IRF4	SRX6073297
ENSG00000137265	IRF4	SRX11896369
ENSG00000090447	TFAP4	SRX20420567
ENSG00000090447	TFAP4	SRX259618
ENSG00000090447	TFAP4	SRX20420572
ENSG00000090447	TFAP4	SRX20420573
ENSG00000090447	TFAP4	SRX20420574
ENSG00000090447	TFAP4	SRX259617
ENSG00000090447	TFAP4	SRX20420571
ENSG00000090447	TFAP4	SRX20420575
ENSG00000090447	TFAP4	SRX20420564
ENSG00000090447	TFAP4	SRX20420570
ENSG00000090447	TFAP4	SRX20420569
ENSG00000090447	TFAP4	SRX20420568
ENSG00000090447	TFAP4	SRX20420565
ENSG00000090447	TFAP4	SRX20420566
ENSG00000107485	GATA3	SRX1492213
ENSG00000107485	GATA3	SRX1041802
ENSG00000107485	GATA3	SRX158108
ENSG00000107485	GATA3	SRX158107
ENSG00000107485	GATA3	SRX092314
ENSG00000107485	GATA3	SRX092315
ENSG00000107485	GATA3	SRX7807560
ENSG00000107485	GATA3	SRX19471791
ENSG00000107485	GATA3	SRX7807559
ENSG00000107485	GATA3	SRX7807558
ENSG00000107485	GATA3	SRX15783132
ENSG00000107485	GATA3	SRX15036327
ENSG00000107485	GATA3	SRX19471790
ENSG00000107485	GATA3	SRX4705120
ENSG00000107485	GATA3	SRX15783131
ENSG00000107485	GATA3	SRX15783133
ENSG00000107485	GATA3	SRX15783134
ENSG00000107485	GATA3	SRX128781
ENSG00000107485	GATA3	SRX107287
ENSG00000107485	GATA3	SRX15036323
ENSG00000107485	GATA3	SRX7807561
ENSG00000107485	GATA3	SRX15036325
ENSG00000107485	GATA3	SRX15036329
ENSG00000107485	GATA3	SRX15036333
ENSG00000107485	GATA3	SRX15036331
ENSG00000072310	SREBF1	SRX186622
ENSG00000072310	SREBF1	SRX2424468
ENSG00000072310	SREBF1	SRX9531406
ENSG00000072310	SREBF1	SRX9531412
ENSG00000072310	SREBF1	SRX2424469
ENSG00000072310	SREBF1	SRX9531405
ENSG00000072310	SREBF1	SRX9531411
ENSG00000072310	SREBF1	SRX9531407
ENSG00000072310	SREBF1	SRX9531413
ENSG00000072310	SREBF1	SRX9531418
ENSG00000072310	SREBF1	SRX9531419
ENSG00000072310	SREBF1	SRX9531417
ENSG00000168214	RBPJ	SRX6958364
ENSG00000168214	RBPJ	SRX6958363
ENSG00000168214	RBPJ	SRX6958366
ENSG00000168214	RBPJ	SRX6958367
ENSG00000168214	RBPJ	SRX6958368
ENSG00000168214	RBPJ	SRX20210925
ENSG00000168214	RBPJ	SRX092452
ENSG00000168214	RBPJ	SRX070884
ENSG00000168214	RBPJ	SRX369132
ENSG00000168214	RBPJ	SRX092453
ENSG00000168214	RBPJ	SRX369129
ENSG00000168214	RBPJ	SRX11165520
ENSG00000168214	RBPJ	SRX6958365
ENSG00000168214	RBPJ	SRX11165519
ENSG00000168214	RBPJ	SRX070883
ENSG00000168214	RBPJ	SRX22183923
ENSG00000168214	RBPJ	SRX22183924
ENSG00000168214	RBPJ	SRX2733347
ENSG00000168214	RBPJ	SRX20210924
ENSG00000168214	RBPJ	SRX1456195
ENSG00000168214	RBPJ	SRX1456194
ENSG00000168214	RBPJ	SRX20210923
ENSG00000168214	RBPJ	SRX22183922
ENSG00000168214	RBPJ	SRX22183920
ENSG00000168214	RBPJ	SRX22183919
ENSG00000168214	RBPJ	SRX22183921
ENSG00000168214	RBPJ	SRX2733363
ENSG00000168214	RBPJ	SRX2733333
ENSG00000181827	RFX7	SRX11166852
ENSG00000181827	RFX7	SRX11166851
ENSG00000168610	STAT3	SRX17215538
ENSG00000168610	STAT3	SRX17215541
ENSG00000168610	STAT3	SRX5099498
ENSG00000168610	STAT3	SRX7971775
ENSG00000168610	STAT3	SRX347424
ENSG00000168610	STAT3	SRX347429
ENSG00000168610	STAT3	SRX5801454
ENSG00000168610	STAT3	SRX347427
ENSG00000168610	STAT3	SRX5099496
ENSG00000168610	STAT3	SRX7971771
ENSG00000168610	STAT3	SRX347428
ENSG00000168610	STAT3	SRX347422
ENSG00000168610	STAT3	SRX5801453
ENSG00000168610	STAT3	SRX5801455
ENSG00000168610	STAT3	SRX7971780
ENSG00000168610	STAT3	SRX347421
ENSG00000168610	STAT3	SRX7971773
ENSG00000168610	STAT3	SRX7971776
ENSG00000168610	STAT3	SRX5801452
ENSG00000168610	STAT3	SRX2661481
ENSG00000168610	STAT3	SRX7971779
ENSG00000168610	STAT3	SRX347423
ENSG00000168610	STAT3	SRX2661479
ENSG00000168610	STAT3	SRX7971781
ENSG00000168610	STAT3	SRX2661483
ENSG00000168610	STAT3	SRX347425
ENSG00000168610	STAT3	SRX3387558
ENSG00000168610	STAT3	SRX347426
ENSG00000168610	STAT3	SRX965494
ENSG00000168610	STAT3	SRX3387556
ENSG00000168610	STAT3	SRX3387555
ENSG00000168610	STAT3	SRX3387557
ENSG00000168610	STAT3	SRX150636
ENSG00000168610	STAT3	SRX5099499
ENSG00000168610	STAT3	SRX5099497
ENSG00000168610	STAT3	SRX4394538
ENSG00000168610	STAT3	SRX4394539
ENSG00000168610	STAT3	SRX7971772
ENSG00000008441	NFIX	SRX10478310
ENSG00000008441	NFIX	SRX10478309
ENSG00000143995	MEIS1	SRX18154276
ENSG00000143995	MEIS1	SRX18154273
ENSG00000143995	MEIS1	SRX18154274
ENSG00000143995	MEIS1	SRX18154275
ENSG00000143995	MEIS1	SRX10269615
ENSG00000143995	MEIS1	SRX10269610
ENSG00000143995	MEIS1	SRX038915
ENSG00000143995	MEIS1	SRX038914
ENSG00000143995	MEIS1	SRX150751
ENSG00000143995	MEIS1	SRX038916
ENSG00000143995	MEIS1	SRX150753
ENSG00000140262	TCF12	SRX3322095
ENSG00000140262	TCF12	SRX3322094
ENSG00000140262	TCF12	SRX3322913
ENSG00000140262	TCF12	SRX3322798
ENSG00000140262	TCF12	SRX236114
ENSG00000140262	TCF12	SRX100434
ENSG00000140262	TCF12	SRX3322912
ENSG00000140262	TCF12	SRX3322799
ENSG00000140262	TCF12	SRX158110
ENSG00000140262	TCF12	SRX107288
ENSG00000140262	TCF12	SRX265225
ENSG00000140262	TCF12	SRX158109
ENSG00000140262	TCF12	SRX026635
ENSG00000140262	TCF12	SRX128779
ENSG00000140262	TCF12	SRX107289
ENSG00000071564	TCF3	SRX2043230
ENSG00000071564	TCF3	SRX158106
ENSG00000071564	TCF3	SRX190201
ENSG00000071564	TCF3	SRX10478378
ENSG00000071564	TCF3	SRX656347
ENSG00000071564	TCF3	SRX10478377
ENSG00000071564	TCF3	SRX2043226
ENSG00000071564	TCF3	SRX236115
ENSG00000071564	TCF3	SRX1212540
ENSG00000071564	TCF3	SRX7083392
ENSG00000071564	TCF3	SRX158105
ENSG00000071564	TCF3	SRX128780
ENSG00000071564	TCF3	SRX107286
ENSG00000169554	ZEB2	SRX2423771
ENSG00000169554	ZEB2	SRX2423772
ENSG00000169554	ZEB2	SRX2423400
ENSG00000169554	ZEB2	SRX2423401
ENSG00000148516	ZEB1	SRX100456
ENSG00000148516	ZEB1	SRX7083415
ENSG00000125398	SOX9	SRX11416753
ENSG00000169635	HIC2	SRX13711950
ENSG00000169635	HIC2	SRX17966414
ENSG00000169635	HIC2	SRX17966412
ENSG00000169635	HIC2	SRX17966413
ENSG00000169635	HIC2	SRX17966415
ENSG00000131931	THAP1	SRX100453
ENSG00000066336	SPI1	SRX9029196
ENSG00000066336	SPI1	SRX9029208
ENSG00000066336	SPI1	SRX9029209
ENSG00000066336	SPI1	SRX9029197
ENSG00000066336	SPI1	SRX5574447
ENSG00000066336	SPI1	SRX5574459
ENSG00000066336	SPI1	SRX5574369
ENSG00000066336	SPI1	SRX5574461
ENSG00000066336	SPI1	SRX5574458
ENSG00000066336	SPI1	SRX5574448
ENSG00000066336	SPI1	SRX5574457
ENSG00000066336	SPI1	SRX5574365
ENSG00000066336	SPI1	SRX5574354
ENSG00000066336	SPI1	SRX5574341
ENSG00000066336	SPI1	SRX5574377
ENSG00000066336	SPI1	SRX5574505
ENSG00000066336	SPI1	SRX5141099
ENSG00000066336	SPI1	SRX5574364
ENSG00000066336	SPI1	SRX5574492
ENSG00000066336	SPI1	SRX5574387
ENSG00000066336	SPI1	SRX5574363
ENSG00000066336	SPI1	SRX5574340
ENSG00000066336	SPI1	SRX5574498
ENSG00000066336	SPI1	SRX9317678
ENSG00000066336	SPI1	SRX5574453
ENSG00000066336	SPI1	SRX5574452
ENSG00000066336	SPI1	SRX5574493
ENSG00000066336	SPI1	SRX5574506
ENSG00000066336	SPI1	SRX5574460
ENSG00000066336	SPI1	SRX2770854
ENSG00000066336	SPI1	SRX5574355
ENSG00000066336	SPI1	SRX5574496
ENSG00000066336	SPI1	SRX5574497
ENSG00000066336	SPI1	SRX5574359
ENSG00000066336	SPI1	SRX5574494
ENSG00000066336	SPI1	SRX2770855
ENSG00000066336	SPI1	SRX5574507
ENSG00000066336	SPI1	SRX5574491
ENSG00000066336	SPI1	SRX2770857
ENSG00000066336	SPI1	SRX5574446
ENSG00000066336	SPI1	SRX627428
ENSG00000066336	SPI1	SRX1048461
ENSG00000066336	SPI1	SRX3244991
ENSG00000066336	SPI1	SRX5574463
ENSG00000066336	SPI1	SRX1023792
ENSG00000066336	SPI1	SRX5574362
ENSG00000066336	SPI1	SRX5574495
ENSG00000066336	SPI1	SRX100576
ENSG00000066336	SPI1	SRX5574361
ENSG00000066336	SPI1	SRX093183
ENSG00000066336	SPI1	SRX2770856
ENSG00000066336	SPI1	SRX5574392
ENSG00000066336	SPI1	SRX1089833
ENSG00000066336	SPI1	SRX5574376
ENSG00000066336	SPI1	SRX5574372
ENSG00000066336	SPI1	SRX5574375
ENSG00000066336	SPI1	SRX475793
ENSG00000066336	SPI1	SRX5574451
ENSG00000066336	SPI1	SRX1089832
ENSG00000066336	SPI1	SRX1023793
ENSG00000066336	SPI1	SRX5574370
ENSG00000066336	SPI1	SRX5574462
ENSG00000066336	SPI1	SRX5574371
ENSG00000066336	SPI1	SRX1023790
ENSG00000066336	SPI1	SRX1048483
ENSG00000066336	SPI1	SRX475795
ENSG00000066336	SPI1	SRX5574348
ENSG00000066336	SPI1	SRX5574373
ENSG00000066336	SPI1	SRX1023791
ENSG00000066336	SPI1	SRX5574352
ENSG00000066336	SPI1	SRX100443
ENSG00000066336	SPI1	SRX5574343
ENSG00000066336	SPI1	SRX1431736
ENSG00000066336	SPI1	SRX190299
ENSG00000066336	SPI1	SRX1431738
ENSG00000066336	SPI1	SRX5574342
ENSG00000066336	SPI1	SRX5574345
ENSG00000066336	SPI1	SRX5574344
ENSG00000066336	SPI1	SRX1431737
ENSG00000066336	SPI1	SRX5574350
ENSG00000066336	SPI1	SRX627430
ENSG00000066336	SPI1	SRX20230008
ENSG00000066336	SPI1	SRX5574510
ENSG00000066336	SPI1	SRX5574511
ENSG00000066336	SPI1	SRX22183927
ENSG00000066336	SPI1	SRX698188
ENSG00000066336	SPI1	SRX100429
ENSG00000066336	SPI1	SRX1431739
ENSG00000066336	SPI1	SRX794057
ENSG00000066336	SPI1	SRX5574473
ENSG00000066336	SPI1	SRX20230010
ENSG00000066336	SPI1	SRX18154277
ENSG00000066336	SPI1	SRX5574476
ENSG00000066336	SPI1	SRX1431733
ENSG00000066336	SPI1	SRX22183928
ENSG00000066336	SPI1	SRX1431734
ENSG00000066336	SPI1	SRX5574357
ENSG00000066336	SPI1	SRX5574472
ENSG00000066336	SPI1	SRX698189
ENSG00000066336	SPI1	SRX5574477
ENSG00000066336	SPI1	ERX626817
ENSG00000066336	SPI1	SRX1023796
ENSG00000066336	SPI1	SRX5574367
ENSG00000066336	SPI1	SRX5574474
ENSG00000066336	SPI1	SRX5095871
ENSG00000066336	SPI1	SRX20230009
ENSG00000066336	SPI1	SRX20230007
ENSG00000066336	SPI1	SRX5574478
ENSG00000066336	SPI1	SRX1431735
ENSG00000066336	SPI1	SRX5574385
ENSG00000066336	SPI1	SRX093189
ENSG00000066336	SPI1	SRX5574475
ENSG00000066336	SPI1	SRX1023794
ENSG00000066336	SPI1	SRX1023795
ENSG00000066336	SPI1	SRX5574479
ENSG00000066336	SPI1	SRX475796
ENSG00000066336	SPI1	SRX1023797
ENSG00000066336	SPI1	ERX626807
ENSG00000066336	SPI1	SRX5574379
ENSG00000066336	SPI1	SRX103224
ENSG00000066336	SPI1	SRX10119129
ENSG00000066336	SPI1	SRX5574381
ENSG00000066336	SPI1	SRX22183925
ENSG00000066336	SPI1	SRX1431740
ENSG00000066336	SPI1	SRX5574356
ENSG00000066336	SPI1	SRX518671
ENSG00000066336	SPI1	SRX18154278
ENSG00000066336	SPI1	SRX4484984
ENSG00000066336	SPI1	SRX18154279
ENSG00000066336	SPI1	ERX626856
ENSG00000066336	SPI1	SRX10119133
ENSG00000066336	SPI1	SRX265231
ENSG00000066336	SPI1	SRX7083409
ENSG00000066336	SPI1	SRX10144602
ENSG00000066336	SPI1	SRX10119128
ENSG00000066336	SPI1	SRX10119130
ENSG00000066336	SPI1	SRX10119132
ENSG00000066336	SPI1	SRX10119131
ENSG00000066336	SPI1	SRX518676
ENSG00000066336	SPI1	SRX518680
ENSG00000066336	SPI1	SRX5574509
ENSG00000066336	SPI1	SRX5574450
ENSG00000066336	SPI1	SRX5574508
ENSG00000066336	SPI1	SRX24542849
ENSG00000066336	SPI1	SRX5574500
ENSG00000066336	SPI1	SRX10144603
ENSG00000066336	SPI1	SRX5574449
ENSG00000066336	SPI1	SRX12684447
ENSG00000066336	SPI1	SRX4001819
ENSG00000066336	SPI1	SRX12684451
ENSG00000066336	SPI1	SRX2268284
ENSG00000066336	SPI1	SRX18154280
ENSG00000066336	SPI1	SRX4001820
ENSG00000066336	SPI1	SRX2268287
ENSG00000066336	SPI1	SRX4001818
ENSG00000066336	SPI1	SRX4001821
ENSG00000066336	SPI1	SRX286019
ENSG00000066336	SPI1	SRX3824042
ENSG00000066336	SPI1	SRX2268285
ENSG00000066336	SPI1	SRX2268286
ENSG00000066336	SPI1	SRX5141098
ENSG00000066336	SPI1	SRX4001959
ENSG00000066336	SPI1	SRX3824041
ENSG00000066336	SPI1	SRX19553540
ENSG00000066336	SPI1	SRX19553539
ENSG00000066336	SPI1	SRX22183926
ENSG00000066336	SPI1	SRX24542848
ENSG00000066336	SPI1	SRX1127545
ENSG00000066336	SPI1	SRX4001960
ENSG00000066336	SPI1	SRX286018
ENSG00000066336	SPI1	SRX14869352
ENSG00000066336	SPI1	SRX14869351
ENSG00000066336	SPI1	SRX4001961
ENSG00000066336	SPI1	SRX14869359
ENSG00000066336	SPI1	SRX5574346
ENSG00000066336	SPI1	SRX14869358
ENSG00000066336	SPI1	SRX5574389
ENSG00000066336	SPI1	SRX4001958
ENSG00000066336	SPI1	ERX626869
ENSG00000066336	SPI1	SRX2268283
ENSG00000066336	SPI1	SRX2268282
ENSG00000066336	SPI1	SRX475794
ENSG00000066336	SPI1	SRX5574499
ENSG00000066336	SPI1	SRX1127535
ENSG00000066336	SPI1	ERX626863
ENSG00000066336	SPI1	ERX626876
ENSG00000066336	SPI1	ERX626868
ENSG00000066336	SPI1	SRX475755
ENSG00000066336	SPI1	SRX518684
ENSG00000066336	SPI1	SRX518688
ENSG00000066336	SPI1	SRX038911
ENSG00000066336	SPI1	SRX038910
ENSG00000066336	SPI1	ERX626851
ENSG00000066336	SPI1	ERX626855
ENSG00000066336	SPI1	SRX24006140
ENSG00000066336	SPI1	SRX24006141
ENSG00000066336	SPI1	SRX24006142
ENSG00000066336	SPI1	SRX24006143
ENSG00000066336	SPI1	ERX626864
ENSG00000066336	SPI1	SRX5574383
ENSG00000066336	SPI1	SRX5095870
ENSG00000066336	SPI1	ERX626782
ENSG00000066336	SPI1	ERX626786
ENSG00000066336	SPI1	ERX626825
ENSG00000066336	SPI1	ERX626815
ENSG00000120798	NR2C1	SRX3322930
ENSG00000120798	NR2C1	SRX3322931
ENSG00000120798	NR2C1	SRX3323054
ENSG00000120798	NR2C1	SRX3323053
ENSG00000120798	NR2C1	SRX3322065
ENSG00000120798	NR2C1	SRX3322064
ENSG00000177463	NR2C2	SRX3322933
ENSG00000177463	NR2C2	SRX3322932
ENSG00000177463	NR2C2	SRX028641
ENSG00000177463	NR2C2	SRX150559
ENSG00000177463	NR2C2	SRX028640
ENSG00000177463	NR2C2	SRX467201
ENSG00000177463	NR2C2	SRX467200
ENSG00000177463	NR2C2	SRX467199
ENSG00000177463	NR2C2	SRX150454
ENSG00000177463	NR2C2	SRX028636
ENSG00000177463	NR2C2	SRX028637
