ENSG00000020633	RUNX3	SRX190349
ENSG00000020633	RUNX3	SRX13681306
ENSG00000020633	RUNX3	SRX13681305
ENSG00000020633	RUNX3	SRX13681308
ENSG00000020633	RUNX3	SRX19719540
ENSG00000020633	RUNX3	SRX13681307
ENSG00000020633	RUNX3	SRX19719541
ENSG00000020633	RUNX3	SRX19719537
ENSG00000020633	RUNX3	SRX19719536
ENSG00000101190	TCFL5	SRX10475787
ENSG00000101190	TCFL5	SRX10475786
ENSG00000104856	RELB	SRX3322448
ENSG00000104856	RELB	SRX3322449
ENSG00000104856	RELB	SRX2837384
ENSG00000104856	RELB	SRX2837383
ENSG00000104856	RELB	SRX790968
ENSG00000104856	RELB	SRX790967
ENSG00000106261	ZKSCAN1	SRX2424579
ENSG00000106261	ZKSCAN1	SRX2424580
ENSG00000134852	CLOCK	SRX1091039
ENSG00000134852	CLOCK	SRX1091022
ENSG00000134852	CLOCK	SRX1091036
ENSG00000134852	CLOCK	SRX10475135
ENSG00000134852	CLOCK	SRX10475134
ENSG00000134852	CLOCK	SRX1091025
ENSG00000134852	CLOCK	SRX1091030
ENSG00000112561	TFEB	SRX18222114
ENSG00000112561	TFEB	SRX18222115
ENSG00000108788	MLX	SRX10476624
ENSG00000108788	MLX	SRX10476625
ENSG00000134107	BHLHE40	SRX150509
ENSG00000134107	BHLHE40	SRX19471796
ENSG00000134107	BHLHE40	SRX19471797
ENSG00000134107	BHLHE40	SRX19471789
ENSG00000134107	BHLHE40	SRX150695
ENSG00000134107	BHLHE40	SRX3322985
ENSG00000134107	BHLHE40	SRX3322986
ENSG00000134107	BHLHE40	SRX19471788
ENSG00000134107	BHLHE40	SRX15783138
ENSG00000134107	BHLHE40	SRX15783135
ENSG00000134107	BHLHE40	SRX15783137
ENSG00000134107	BHLHE40	SRX15783136
ENSG00000068305	MEF2A	SRX100556
ENSG00000068305	MEF2A	SRX100424
ENSG00000140262	TCF12	SRX3322095
ENSG00000140262	TCF12	SRX3322094
ENSG00000140262	TCF12	SRX3322913
ENSG00000140262	TCF12	SRX3322798
ENSG00000140262	TCF12	SRX236114
ENSG00000140262	TCF12	SRX100434
ENSG00000140262	TCF12	SRX3322912
ENSG00000140262	TCF12	SRX3322799
ENSG00000140262	TCF12	SRX158110
ENSG00000140262	TCF12	SRX107288
ENSG00000140262	TCF12	SRX265225
ENSG00000140262	TCF12	SRX158109
ENSG00000140262	TCF12	SRX026635
ENSG00000140262	TCF12	SRX128779
ENSG00000140262	TCF12	SRX107289
ENSG00000173275	ZNF449	SRX16500178
ENSG00000173275	ZNF449	SRX16500177
ENSG00000205903	ZNF316	SRX3322018
ENSG00000205903	ZNF316	SRX3322017
ENSG00000205903	ZNF316	SRX2423564
ENSG00000205903	ZNF316	SRX2423565
ENSG00000106459	NRF1	SRX150389
ENSG00000106459	NRF1	SRX2424733
ENSG00000106459	NRF1	SRX2424028
ENSG00000106459	NRF1	SRX2424732
ENSG00000106459	NRF1	SRX2424029
ENSG00000106459	NRF1	SRX2636377
ENSG00000106459	NRF1	SRX389278
ENSG00000106459	NRF1	SRX2636376
ENSG00000106459	NRF1	SRX150441
ENSG00000081189	MEF2C	SRX100465
ENSG00000081189	MEF2C	SRX13999625
ENSG00000081189	MEF2C	SRX13999629
ENSG00000081189	MEF2C	SRX13999627
ENSG00000081189	MEF2C	SRX11374677
ENSG00000081189	MEF2C	SRX11374676
ENSG00000081189	MEF2C	SRX3591825
ENSG00000081189	MEF2C	SRX9398738
ENSG00000081189	MEF2C	SRX9398743
ENSG00000081189	MEF2C	SRX9398736
ENSG00000140009	ESR2	SRX13367421
ENSG00000140009	ESR2	SRX13367419
ENSG00000140009	ESR2	SRX13367422
ENSG00000140009	ESR2	SRX13367418
ENSG00000197782	ZNF780A	SRX11168181
ENSG00000197782	ZNF780A	SRX11168180
ENSG00000187098	MITF	SRX5457409
ENSG00000187098	MITF	SRX5457408
ENSG00000187098	MITF	SRX2630444
ENSG00000187098	MITF	SRX2630443
ENSG00000068323	TFE3	SRX10478307
ENSG00000068323	TFE3	SRX10478306
ENSG00000114315	HES1	SRX2423440
ENSG00000114315	HES1	SRX2423441
ENSG00000160199	PKNOX1	SRX2424338
ENSG00000160199	PKNOX1	SRX2424337
ENSG00000160199	PKNOX1	SRX2423493
ENSG00000160199	PKNOX1	SRX2423492
ENSG00000196092	PAX5	SRX243762
ENSG00000196092	PAX5	SRX1048460
ENSG00000196092	PAX5	SRX243760
ENSG00000196092	PAX5	SRX1048482
ENSG00000196092	PAX5	SRX4211810
ENSG00000196092	PAX5	SRX243763
ENSG00000196092	PAX5	SRX243764
ENSG00000196092	PAX5	SRX15117368
ENSG00000196092	PAX5	SRX243761
ENSG00000196092	PAX5	SRX100407
ENSG00000196092	PAX5	SRX100436
ENSG00000196092	PAX5	SRX243765
ENSG00000196092	PAX5	SRX15117376
ENSG00000196092	PAX5	SRX15117372
ENSG00000196092	PAX5	SRX15117380
ENSG00000196092	PAX5	SRX100379
ENSG00000196092	PAX5	SRX100382
ENSG00000196092	PAX5	SRX7083407
ENSG00000196092	PAX5	SRX11896368
ENSG00000166949	SMAD3	SRX10478099
ENSG00000166949	SMAD3	SRX10478098
ENSG00000166949	SMAD3	DRX486783
ENSG00000166949	SMAD3	DRX486779
ENSG00000166949	SMAD3	DRX486781
ENSG00000134138	MEIS2	SRX5457447
ENSG00000134138	MEIS2	SRX5457446
ENSG00000126746	ZNF384	SRX186607
ENSG00000126746	ZNF384	SRX186626
ENSG00000126746	ZNF384	SRX17159338
ENSG00000126746	ZNF384	SRX17159337
ENSG00000126746	ZNF384	SRX17159336
ENSG00000148737	TCF7L2	SRX097098
ENSG00000148737	TCF7L2	SRX097075
ENSG00000148737	TCF7L2	SRX097074
ENSG00000148737	TCF7L2	SRX2424566
ENSG00000148737	TCF7L2	SRX101163
ENSG00000148737	TCF7L2	SRX2424567
ENSG00000148737	TCF7L2	SRX097091
ENSG00000198911	SREBF2	SRX5624369
ENSG00000198911	SREBF2	SRX5624367
ENSG00000198911	SREBF2	SRX5624368
ENSG00000198911	SREBF2	SRX5624370
ENSG00000198911	SREBF2	SRX186608
ENSG00000198911	SREBF2	SRX10476703
ENSG00000198911	SREBF2	SRX10476704
ENSG00000173153	ESRRA	SRX2424015
ENSG00000173153	ESRRA	SRX2424014
ENSG00000173153	ESRRA	SRX186610
ENSG00000185551	NR2F2	SRX190238
ENSG00000119715	ESRRB	SRX10475463
ENSG00000119715	ESRRB	SRX10475464
ENSG00000175745	NR2F1	SRX2424690
ENSG00000175745	NR2F1	SRX3322399
ENSG00000175745	NR2F1	SRX2424689
ENSG00000175745	NR2F1	SRX3322398
ENSG00000164330	EBF1	SRX150455
ENSG00000164330	EBF1	SRX10060725
ENSG00000164330	EBF1	SRX100431
ENSG00000164330	EBF1	SRX10774924
ENSG00000164330	EBF1	SRX10774923
ENSG00000164330	EBF1	SRX1456192
ENSG00000164330	EBF1	SRX1456193
ENSG00000164330	EBF1	SRX12027417
ENSG00000164330	EBF1	SRX12027422
ENSG00000164330	EBF1	SRX12027421
ENSG00000164330	EBF1	SRX22183907
ENSG00000164330	EBF1	SRX22183908
ENSG00000164330	EBF1	SRX10774921
ENSG00000164330	EBF1	SRX10774922
ENSG00000164330	EBF1	SRX11896367
ENSG00000178951	ZBTB7A	SRX10313956
ENSG00000178951	ZBTB7A	SRX3161004
ENSG00000178951	ZBTB7A	SRX3161002
ENSG00000178951	ZBTB7A	SRX10313958
ENSG00000178951	ZBTB7A	SRX3161003
ENSG00000178951	ZBTB7A	SRX3161001
ENSG00000178951	ZBTB7A	SRX100518
ENSG00000178951	ZBTB7A	SRX3161011
ENSG00000178951	ZBTB7A	SRX3161009
ENSG00000112242	E2F3	SRX10475245
ENSG00000112242	E2F3	SRX10475246
ENSG00000169016	E2F6	SRX8064815
ENSG00000169016	E2F6	SRX8064814
ENSG00000169016	E2F6	SRX100514
ENSG00000169016	E2F6	SRX059373
ENSG00000169016	E2F6	SRX150676
ENSG00000198176	TFDP1	SRX1726514
ENSG00000198176	TFDP1	SRX1726517
ENSG00000198176	TFDP1	SRX3322278
ENSG00000198176	TFDP1	SRX3322277
ENSG00000198176	TFDP1	SRX7646668
ENSG00000198176	TFDP1	SRX7646669
ENSG00000205250	E2F4	SRX150410
ENSG00000205250	E2F4	SRX150679
ENSG00000205250	E2F4	SRX019963
ENSG00000165891	E2F7	SRX3322053
ENSG00000165891	E2F7	SRX3322052
ENSG00000101412	E2F1	SRX1726515
ENSG00000101412	E2F1	SRX1497386
ENSG00000101412	E2F1	SRX8064817
ENSG00000101412	E2F1	SRX8064816
ENSG00000101412	E2F1	SRX5457313
ENSG00000101412	E2F1	SRX5457312
ENSG00000101412	E2F1	SRX3322616
ENSG00000101412	E2F1	SRX3322617
ENSG00000101412	E2F1	SRX1497396
ENSG00000101412	E2F1	SRX1726518
ENSG00000101412	E2F1	SRX275409
ENSG00000162924	REL	SRX2837386
ENSG00000162924	REL	SRX2837385
ENSG00000162924	REL	SRX7083391
ENSG00000162924	REL	SRX10145208
ENSG00000162924	REL	SRX10145207
ENSG00000162924	REL	SRX10145212
ENSG00000162924	REL	SRX10145210
ENSG00000162924	REL	SRX10145211
ENSG00000136997	MYC	SRX095395
ENSG00000136997	MYC	SRX542553
ENSG00000136997	MYC	SRX353809
ENSG00000136997	MYC	SRX542554
ENSG00000136997	MYC	SRX11169147
ENSG00000136997	MYC	SRX1880279
ENSG00000136997	MYC	SRX080130
ENSG00000136997	MYC	SRX129116
ENSG00000136997	MYC	SRX129066
ENSG00000136997	MYC	SRX095394
ENSG00000136997	MYC	SRX204411
ENSG00000136997	MYC	SRX1539275
ENSG00000136997	MYC	SRX203389
ENSG00000136997	MYC	SRX129068
ENSG00000136997	MYC	SRX353808
ENSG00000136997	MYC	SRX1539276
ENSG00000136997	MYC	SRX095397
ENSG00000136997	MYC	SRX095396
ENSG00000136997	MYC	SRX080131
ENSG00000136997	MYC	SRX150595
ENSG00000136997	MYC	SRX11485373
ENSG00000136997	MYC	SRX082165
ENSG00000136997	MYC	SRX150627
ENSG00000136997	MYC	SRX150722
ENSG00000136997	MYC	SRX11169146
ENSG00000136997	MYC	SRX672284
ENSG00000136997	MYC	SRX13405085
ENSG00000136997	MYC	SRX2384347
ENSG00000136997	MYC	SRX2384348
ENSG00000136997	MYC	SRX353807
ENSG00000136997	MYC	SRX102989
ENSG00000136997	MYC	SRX103009
ENSG00000136997	MYC	SRX15697792
ENSG00000136997	MYC	SRX17214580
ENSG00000136997	MYC	SRX1073586
ENSG00000136997	MYC	SRX129067
ENSG00000136997	MYC	SRX150678
ENSG00000136997	MYC	SRX1497394
ENSG00000136997	MYC	SRX4345364
ENSG00000136997	MYC	SRX1497384
ENSG00000136997	MYC	SRX672286
ENSG00000136997	MYC	SRX13405084
ENSG00000136997	MYC	SRX10338564
ENSG00000136997	MYC	SRX10338559
ENSG00000136997	MYC	SRX13404881
ENSG00000136997	MYC	SRX13404883
ENSG00000136997	MYC	SRX080156
ENSG00000136997	MYC	SRX13404880
ENSG00000136997	MYC	SRX13404882
ENSG00000136997	MYC	SRX10338563
ENSG00000136997	MYC	SRX13404885
ENSG00000136997	MYC	SRX13404884
ENSG00000136997	MYC	SRX5346116
ENSG00000136997	MYC	SRX5346120
ENSG00000136997	MYC	SRX5346117
ENSG00000136997	MYC	SRX10338561
ENSG00000136997	MYC	SRX5391526
ENSG00000136997	MYC	SRX5307511
ENSG00000136997	MYC	SRX5307510
ENSG00000136997	MYC	SRX5307509
ENSG00000136997	MYC	SRX150507
ENSG00000136997	MYC	SRX150545
ENSG00000136997	MYC	SRX150490
ENSG00000136997	MYC	SRX015142
ENSG00000136997	MYC	SRX080157
ENSG00000136997	MYC	SRX080155
ENSG00000136997	MYC	SRX5346118
ENSG00000136997	MYC	SRX5346124
ENSG00000136997	MYC	SRX5346123
ENSG00000136997	MYC	SRX5346122
ENSG00000136997	MYC	SRX095393
ENSG00000136997	MYC	SRX7575887
ENSG00000136997	MYC	SRX5346119
ENSG00000136997	MYC	SRX5346121
ENSG00000136997	MYC	SRX5391525
ENSG00000136997	MYC	SRX672285
ENSG00000136997	MYC	SRX17214576
ENSG00000136997	MYC	SRX7575886
ENSG00000136997	MYC	SRX24330009
ENSG00000136997	MYC	SRX24330007
ENSG00000125952	MAX	SRX150597
ENSG00000125952	MAX	SRX082164
ENSG00000125952	MAX	SRX150424
ENSG00000125952	MAX	SRX150723
ENSG00000125952	MAX	SRX100568
ENSG00000125952	MAX	SRX129093
ENSG00000125952	MAX	SRX5307507
ENSG00000125952	MAX	SRX129084
ENSG00000125952	MAX	SRX129083
ENSG00000125952	MAX	SRX129082
ENSG00000125952	MAX	SRX204413
ENSG00000125952	MAX	SRX16498414
ENSG00000125952	MAX	SRX16498415
ENSG00000125952	MAX	SRX150618
ENSG00000125952	MAX	SRX5307508
ENSG00000125952	MAX	SRX5307506
ENSG00000125952	MAX	SRX203394
ENSG00000123685	BATF3	SRX17215537
ENSG00000123685	BATF3	SRX2548282
ENSG00000123685	BATF3	SRX2548286
ENSG00000123685	BATF3	SRX9234587
ENSG00000123685	BATF3	SRX9234590
ENSG00000123685	BATF3	SRX17215540
ENSG00000123685	BATF3	SRX2548284
ENSG00000123685	BATF3	SRX2548300
ENSG00000156127	BATF	SRX20420587
ENSG00000156127	BATF	SRX6073305
ENSG00000156127	BATF	SRX6073304
ENSG00000156127	BATF	SRX20420586
ENSG00000156127	BATF	SRX20420584
ENSG00000156127	BATF	SRX100583
ENSG00000156127	BATF	SRX20420585
ENSG00000156127	BATF	SRX10954235
ENSG00000156127	BATF	SRX20420576
ENSG00000156127	BATF	SRX20420579
ENSG00000156127	BATF	SRX20420583
ENSG00000156127	BATF	SRX20420582
ENSG00000156127	BATF	SRX10954233
ENSG00000156127	BATF	SRX20420577
ENSG00000156127	BATF	SRX22183905
ENSG00000156127	BATF	SRX20420581
ENSG00000156127	BATF	SRX6073303
ENSG00000156127	BATF	SRX20420580
ENSG00000156127	BATF	SRX20420578
ENSG00000156127	BATF	SRX22183904
ENSG00000156127	BATF	SRX518673
ENSG00000156127	BATF	SRX22183906
ENSG00000156127	BATF	SRX22183903
ENSG00000156127	BATF	SRX17834084
ENSG00000156127	BATF	SRX17834083
ENSG00000156127	BATF	SRX518668
ENSG00000204366	ZBTB12	SRX10976547
ENSG00000204366	ZBTB12	SRX10976548
ENSG00000131759	RARA	SRX014782
ENSG00000131759	RARA	SRX17639399
ENSG00000131759	RARA	SRX17639400
ENSG00000131759	RARA	SRX682379
ENSG00000131759	RARA	SRX014770
ENSG00000131759	RARA	SRX014752
ENSG00000131759	RARA	SRX17639402
ENSG00000131759	RARA	SRX17639401
ENSG00000131759	RARA	SRX014781
ENSG00000118513	MYB	SRX14649557
ENSG00000118513	MYB	SRX14649556
ENSG00000118513	MYB	SRX725584
ENSG00000118513	MYB	SRX725582
ENSG00000118513	MYB	SRX725578
ENSG00000118513	MYB	SRX658610
ENSG00000118513	MYB	SRX658611
ENSG00000118513	MYB	SRX725586
ENSG00000118513	MYB	SRX10119147
ENSG00000118513	MYB	SRX10119149
ENSG00000118513	MYB	SRX20804899
ENSG00000118513	MYB	SRX10119178
ENSG00000118513	MYB	SRX10119159
ENSG00000118513	MYB	SRX10119158
ENSG00000118513	MYB	SRX10119148
ENSG00000118513	MYB	SRX2524362
ENSG00000118513	MYB	SRX2524363
ENSG00000118513	MYB	SRX2424497
ENSG00000118513	MYB	SRX2424496
ENSG00000118513	MYB	SRX10119179
ENSG00000118513	MYB	SRX10119177
ENSG00000118513	MYB	SRX10119157
ENSG00000118513	MYB	SRX2524358
ENSG00000118513	MYB	SRX10119168
ENSG00000118513	MYB	SRX10119169
ENSG00000118513	MYB	SRX10119167
ENSG00000118513	MYB	SRX4484990
ENSG00000118513	MYB	SRX4398451
ENSG00000118513	MYB	SRX4398450
ENSG00000118513	MYB	SRX2524366
ENSG00000118513	MYB	SRX2524364
ENSG00000118513	MYB	SRX2524360
ENSG00000118513	MYB	SRX2524365
ENSG00000118513	MYB	SRX2524361
ENSG00000118513	MYB	SRX2524359
ENSG00000001167	NFYA	SRX150512
ENSG00000001167	NFYA	SRX150585
ENSG00000001167	NFYA	SRX8337453
ENSG00000001167	NFYA	SRX8337457
ENSG00000001167	NFYA	SRX8337455
ENSG00000001167	NFYA	SRX8337454
ENSG00000001167	NFYA	SRX037418
ENSG00000001167	NFYA	SRX8337456
ENSG00000001167	NFYA	SRX8337458
ENSG00000072736	NFATC3	SRX5457566
ENSG00000072736	NFATC3	SRX5457190
ENSG00000072736	NFATC3	SRX5457189
ENSG00000072736	NFATC3	SRX3322488
ENSG00000072736	NFATC3	SRX3322487
ENSG00000072736	NFATC3	SRX5457565
ENSG00000141646	SMAD4	SRX10976443
ENSG00000141646	SMAD4	SRX10976444
ENSG00000185591	SP1	SRX100408
ENSG00000185591	SP1	SRX100550
ENSG00000185591	SP1	SRX2424720
ENSG00000185591	SP1	SRX2424721
ENSG00000185591	SP1	ERX626867
ENSG00000185591	SP1	ERX626866
ENSG00000185591	SP1	ERX626854
ENSG00000185591	SP1	ERX626853
ENSG00000185591	SP1	SRX8673364
ENSG00000185591	SP1	ERX626857
ENSG00000185591	SP1	ERX626870
ENSG00000120690	ELF1	SRX2424035
ENSG00000120690	ELF1	SRX2424034
ENSG00000120690	ELF1	SRX100541
ENSG00000120690	ELF1	SRX3322872
ENSG00000120690	ELF1	SRX3322873
ENSG00000120690	ELF1	SRX100539
ENSG00000120690	ELF1	SRX265229
ENSG00000120690	ELF1	SRX4484986
ENSG00000120690	ELF1	SRX3322920
ENSG00000120690	ELF1	SRX3322921
ENSG00000120690	ELF1	SRX7083393
ENSG00000120738	EGR1	SRX100459
ENSG00000120738	EGR1	SRX3321888
ENSG00000120738	EGR1	SRX3321985
ENSG00000120738	EGR1	SRX12387245
ENSG00000120738	EGR1	SRX5089778
ENSG00000120738	EGR1	SRX100479
ENSG00000120738	EGR1	SRX3321984
ENSG00000120738	EGR1	SRX190186
ENSG00000120738	EGR1	SRX6763476
ENSG00000120738	EGR1	SRX3321889
ENSG00000120738	EGR1	SRX8673358
ENSG00000120738	EGR1	SRX12387246
ENSG00000120738	EGR1	SRX7031580
ENSG00000120738	EGR1	SRX5089777
ENSG00000120738	EGR1	SRX9279232
ENSG00000120738	EGR1	SRX6763475
ENSG00000120738	EGR1	SRX6763473
ENSG00000120738	EGR1	SRX8673354
ENSG00000120738	EGR1	SRX8673356
ENSG00000120738	EGR1	SRX8673359
ENSG00000120738	EGR1	SRX12387244
ENSG00000120738	EGR1	SRX8673357
ENSG00000120738	EGR1	SRX8673355
ENSG00000120738	EGR1	SRX8673360
ENSG00000120738	EGR1	SRX10616090
ENSG00000120738	EGR1	SRX10616091
ENSG00000120738	EGR1	SRX10616089
ENSG00000120738	EGR1	SRX7902985
ENSG00000120738	EGR1	SRX7902979
ENSG00000120738	EGR1	SRX10616088
ENSG00000120738	EGR1	SRX7902978
ENSG00000120738	EGR1	SRX3345943
ENSG00000120738	EGR1	SRX7031582
ENSG00000120738	EGR1	SRX7902984
ENSG00000120738	EGR1	SRX10616094
ENSG00000120738	EGR1	SRX10616093
ENSG00000120738	EGR1	SRX3345944
ENSG00000120738	EGR1	SRX7031583
ENSG00000120738	EGR1	SRX10616092
ENSG00000120738	EGR1	SRX6763474
ENSG00000120738	EGR1	SRX6763478
ENSG00000120738	EGR1	SRX7031581
ENSG00000120738	EGR1	SRX5089776
ENSG00000120738	EGR1	SRX7902977
ENSG00000120738	EGR1	SRX7902981
ENSG00000120738	EGR1	SRX7902980
ENSG00000120738	EGR1	SRX10616095
ENSG00000120738	EGR1	SRX7902983
ENSG00000120738	EGR1	SRX9963376
ENSG00000120738	EGR1	SRX9963377
ENSG00000120738	EGR1	SRX12387243
ENSG00000120738	EGR1	SRX7902982
ENSG00000154727	GABPA	SRX369125
ENSG00000154727	GABPA	SRX475757
ENSG00000154727	GABPA	SRX190278
ENSG00000154727	GABPA	SRX326887
ENSG00000154727	GABPA	SRX3322176
ENSG00000154727	GABPA	SRX3322175
ENSG00000154727	GABPA	SRX100569
ENSG00000154727	GABPA	SRX2635793
ENSG00000154727	GABPA	SRX475760
ENSG00000154727	GABPA	SRX475758
ENSG00000154727	GABPA	SRX475759
ENSG00000154727	GABPA	SRX475743
ENSG00000154727	GABPA	SRX029315
ENSG00000154727	GABPA	SRX100401
ENSG00000154727	GABPA	SRX326888
ENSG00000154727	GABPA	SRX2635792
ENSG00000154727	GABPA	SRX2754626
ENSG00000154727	GABPA	SRX2754627
ENSG00000139651	ZNF740	SRX2424079
ENSG00000139651	ZNF740	SRX2424080
ENSG00000139651	ZNF740	SRX3322870
ENSG00000139651	ZNF740	SRX3322871
ENSG00000006468	ETV1	SRX2423711
ENSG00000006468	ETV1	SRX2423712
ENSG00000134954	ETS1	SRX6958345
ENSG00000134954	ETS1	SRX6958347
ENSG00000134954	ETS1	SRX6958348
ENSG00000134954	ETS1	SRX6958346
ENSG00000134954	ETS1	SRX6958344
ENSG00000134954	ETS1	SRX6958349
ENSG00000134954	ETS1	SRX212441
ENSG00000134954	ETS1	SRX212439
ENSG00000134954	ETS1	SRX100555
ENSG00000134954	ETS1	SRX212438
ENSG00000134954	ETS1	SRX212440
ENSG00000134954	ETS1	SRX7894794
ENSG00000134954	ETS1	SRX373733
ENSG00000134954	ETS1	SRX100487
ENSG00000134954	ETS1	SRX9046310
ENSG00000134954	ETS1	SRX9046311
ENSG00000134954	ETS1	SRX9046309
ENSG00000134954	ETS1	SRX9046308
ENSG00000134954	ETS1	SRX5574466
ENSG00000134954	ETS1	SRX5574484
ENSG00000134954	ETS1	SRX5574485
ENSG00000134954	ETS1	SRX5574465
ENSG00000134954	ETS1	SRX015825
ENSG00000134954	ETS1	SRX212437
ENSG00000157554	ERG	SRX063919
ENSG00000157554	ERG	SRX063921
ENSG00000157554	ERG	SRX12877673
ENSG00000157554	ERG	SRX063922
ENSG00000157554	ERG	SRX12877671
ENSG00000157554	ERG	SRX026653
ENSG00000157554	ERG	SRX326890
ENSG00000157554	ERG	SRX12877672
ENSG00000157554	ERG	SRX026659
ENSG00000157554	ERG	SRX12877670
ENSG00000157554	ERG	SRX063920
ENSG00000157554	ERG	SRX10144614
ENSG00000157554	ERG	SRX4484988
ENSG00000157554	ERG	SRX026660
ENSG00000157554	ERG	SRX265230
ENSG00000157554	ERG	SRX682375
ENSG00000157554	ERG	SRX682376
ENSG00000157554	ERG	SRX1514277
ENSG00000157554	ERG	SRX026657
ENSG00000157554	ERG	SRX026639
ENSG00000157554	ERG	SRX026642
ENSG00000157554	ERG	SRX20804902
ENSG00000157554	ERG	SRX026638
ENSG00000157554	ERG	SRX026643
ENSG00000157554	ERG	SRX16676133
ENSG00000157554	ERG	SRX026648
ENSG00000157554	ERG	SRX16676132
ENSG00000157554	ERG	SRX10144541
ENSG00000157554	ERG	SRX026634
ENSG00000157554	ERG	SRX026641
ENSG00000157554	ERG	SRX326889
ENSG00000157554	ERG	SRX248930
ENSG00000157557	ETS2	SRX5457220
ENSG00000157557	ETS2	SRX5457219
ENSG00000105722	ERF	SRX10475517
ENSG00000105722	ERF	SRX10475516
ENSG00000105722	ERF	SRX9415789
ENSG00000105722	ERF	SRX9415791
ENSG00000117036	ETV3	SRX17149149
ENSG00000117036	ETV3	SRX17149150
ENSG00000111145	ELK3	SRX10478397
ENSG00000111145	ELK3	SRX10478398
ENSG00000160113	NR2F6	SRX2636221
ENSG00000160113	NR2F6	SRX10476587
ENSG00000160113	NR2F6	SRX2636222
ENSG00000160113	NR2F6	SRX10476588
ENSG00000160113	NR2F6	SRX10475661
ENSG00000160113	NR2F6	SRX10475660
ENSG00000151702	FLI1	SRX10144612
ENSG00000151702	FLI1	SRX10144613
ENSG00000151702	FLI1	SRX5574486
ENSG00000151702	FLI1	SRX1514276
ENSG00000151702	FLI1	SRX5574468
ENSG00000151702	FLI1	SRX5574487
ENSG00000151702	FLI1	SRX026640
ENSG00000151702	FLI1	SRX117011
ENSG00000151702	FLI1	SRX117010
ENSG00000151702	FLI1	SRX265228
ENSG00000151702	FLI1	SRX4484980
ENSG00000151702	FLI1	SRX682380
ENSG00000151702	FLI1	SRX5574467
ENSG00000151702	FLI1	SRX9042445
ENSG00000151702	FLI1	SRX248931
ENSG00000151702	FLI1	SRX117009
ENSG00000151702	FLI1	SRX029436
ENSG00000151702	FLI1	SRX9042448
ENSG00000151702	FLI1	SRX9042449
ENSG00000136451	VEZF1	SRX6783973
ENSG00000136451	VEZF1	SRX6783972
ENSG00000112592	TBP	SRX150357
ENSG00000112592	TBP	SRX150574
ENSG00000112592	TBP	SRX9498730
ENSG00000112592	TBP	SRX265224
ENSG00000112592	TBP	SRX9498683
ENSG00000112592	TBP	SRX9498684
ENSG00000112592	TBP	SRX482859
ENSG00000112592	TBP	SRX9498732
ENSG00000112592	TBP	SRX9498731
ENSG00000112592	TBP	SRX9498686
ENSG00000112592	TBP	SRX9498685
ENSG00000112592	TBP	SRX9498733
ENSG00000170581	STAT2	SRX150549
ENSG00000170581	STAT2	SRX150548
ENSG00000170581	STAT2	SRX5503143
ENSG00000170581	STAT2	SRX5503142
ENSG00000196214	ZNF766	SRX3322142
ENSG00000196214	ZNF766	SRX3322141
ENSG00000169554	ZEB2	SRX2423771
ENSG00000169554	ZEB2	SRX2423772
ENSG00000169554	ZEB2	SRX2423400
ENSG00000169554	ZEB2	SRX2423401
ENSG00000140968	IRF8	SRX5141102
ENSG00000140968	IRF8	SRX7083402
ENSG00000140968	IRF8	SRX9090622
ENSG00000140968	IRF8	SRX9725179
ENSG00000140968	IRF8	SRX9725178
ENSG00000140968	IRF8	SRX5141103
ENSG00000115415	STAT1	SRX2961562
ENSG00000115415	STAT1	SRX2961561
ENSG00000115415	STAT1	SRX212650
ENSG00000115415	STAT1	SRX212648
ENSG00000115415	STAT1	SRX2423788
ENSG00000115415	STAT1	SRX212649
ENSG00000115415	STAT1	SRX212651
ENSG00000115415	STAT1	SRX2961557
ENSG00000115415	STAT1	SRX212652
ENSG00000115415	STAT1	SRX150691
ENSG00000115415	STAT1	SRX212647
ENSG00000115415	STAT1	SRX23678694
ENSG00000115415	STAT1	SRX2961558
ENSG00000115415	STAT1	SRX2961560
ENSG00000115415	STAT1	SRX2961559
ENSG00000115415	STAT1	SRX23678697
ENSG00000115415	STAT1	SRX23678693
ENSG00000115415	STAT1	SRX23678699
ENSG00000115415	STAT1	SRX23678700
ENSG00000115415	STAT1	SRX150567
ENSG00000115415	STAT1	SRX150566
ENSG00000115415	STAT1	SRX2423787
ENSG00000115415	STAT1	SRX150551
ENSG00000115415	STAT1	SRX5503140
ENSG00000115415	STAT1	SRX150550
ENSG00000115415	STAT1	SRX23678707
ENSG00000115415	STAT1	SRX23678708
ENSG00000115415	STAT1	SRX23678696
ENSG00000115415	STAT1	SRX041286
ENSG00000115415	STAT1	SRX23678705
ENSG00000115415	STAT1	SRX23678709
ENSG00000115415	STAT1	SRX23678710
ENSG00000115415	STAT1	SRX23678712
ENSG00000115415	STAT1	SRX23678706
ENSG00000115415	STAT1	SRX23678711
ENSG00000115415	STAT1	SRX5503141
ENSG00000115415	STAT1	SRX041287
ENSG00000115415	STAT1	SRX23678698
ENSG00000115415	STAT1	SRX23678695
ENSG00000168610	STAT3	SRX17215538
ENSG00000168610	STAT3	SRX17215541
ENSG00000168610	STAT3	SRX5099498
ENSG00000168610	STAT3	SRX7971775
ENSG00000168610	STAT3	SRX347424
ENSG00000168610	STAT3	SRX347429
ENSG00000168610	STAT3	SRX5801454
ENSG00000168610	STAT3	SRX347427
ENSG00000168610	STAT3	SRX5099496
ENSG00000168610	STAT3	SRX7971771
ENSG00000168610	STAT3	SRX347428
ENSG00000168610	STAT3	SRX347422
ENSG00000168610	STAT3	SRX5801453
ENSG00000168610	STAT3	SRX5801455
ENSG00000168610	STAT3	SRX7971780
ENSG00000168610	STAT3	SRX347421
ENSG00000168610	STAT3	SRX7971773
ENSG00000168610	STAT3	SRX7971776
ENSG00000168610	STAT3	SRX5801452
ENSG00000168610	STAT3	SRX2661481
ENSG00000168610	STAT3	SRX7971779
ENSG00000168610	STAT3	SRX347423
ENSG00000168610	STAT3	SRX2661479
ENSG00000168610	STAT3	SRX7971781
ENSG00000168610	STAT3	SRX2661483
ENSG00000168610	STAT3	SRX347425
ENSG00000168610	STAT3	SRX3387558
ENSG00000168610	STAT3	SRX347426
ENSG00000168610	STAT3	SRX965494
ENSG00000168610	STAT3	SRX3387556
ENSG00000168610	STAT3	SRX3387555
ENSG00000168610	STAT3	SRX3387557
ENSG00000168610	STAT3	SRX150636
ENSG00000168610	STAT3	SRX5099499
ENSG00000168610	STAT3	SRX5099497
ENSG00000168610	STAT3	SRX4394538
ENSG00000168610	STAT3	SRX4394539
ENSG00000168610	STAT3	SRX7971772
ENSG00000122691	TWIST1	SRX20052893
ENSG00000169083	AR	SRX8453142
ENSG00000169083	AR	SRX5853001
ENSG00000169083	AR	SRX5853000
ENSG00000169083	AR	SRX5852998
ENSG00000169083	AR	SRX5852999
ENSG00000169083	AR	SRX8453140
ENSG00000162992	NEUROD1	SRX5457568
ENSG00000162992	NEUROD1	SRX5457567
ENSG00000162367	TAL1	SRX9055417
ENSG00000162367	TAL1	SRX725589
ENSG00000162367	TAL1	SRX9055418
ENSG00000162367	TAL1	SRX107302
ENSG00000162367	TAL1	SRX107301
ENSG00000162367	TAL1	SRX2423489
ENSG00000162367	TAL1	SRX2423488
ENSG00000162367	TAL1	SRX150575
ENSG00000162367	TAL1	SRX1089826
ENSG00000162367	TAL1	SRX646136
ENSG00000162367	TAL1	SRX205165
ENSG00000162367	TAL1	SRX158111
ENSG00000162367	TAL1	SRX205167
ENSG00000162367	TAL1	SRX386203
ENSG00000162367	TAL1	SRX205164
ENSG00000162367	TAL1	SRX2481500
ENSG00000162367	TAL1	SRX205166
ENSG00000162367	TAL1	SRX158113
ENSG00000162367	TAL1	SRX1089825
ENSG00000162367	TAL1	SRX107300
ENSG00000162367	TAL1	SRX029437
ENSG00000162367	TAL1	SRX19471785
ENSG00000162367	TAL1	SRX19471784
ENSG00000162367	TAL1	SRX029598
ENSG00000162367	TAL1	SRX19471786
ENSG00000162367	TAL1	SRX19471787
ENSG00000162367	TAL1	SRX17083214
ENSG00000162367	TAL1	SRX265227
ENSG00000162367	TAL1	SRX1514280
ENSG00000162367	TAL1	SRX3445669
ENSG00000162367	TAL1	SRX3445668
ENSG00000162367	TAL1	SRX3445677
ENSG00000162367	TAL1	SRX5974571
ENSG00000162367	TAL1	SRX3445685
ENSG00000162367	TAL1	SRX3445684
ENSG00000162367	TAL1	SRX5974587
ENSG00000162367	TAL1	SRX5974555
ENSG00000162367	TAL1	SRX037939
ENSG00000162367	TAL1	SRX3445676
ENSG00000162367	TAL1	SRX5974556
ENSG00000162367	TAL1	SRX5974540
ENSG00000162367	TAL1	SRX5974572
ENSG00000162367	TAL1	SRX5974539
ENSG00000162367	TAL1	SRX5974588
ENSG00000162367	TAL1	SRX5974523
ENSG00000162367	TAL1	SRX5974524
ENSG00000162367	TAL1	SRX037938
ENSG00000162367	TAL1	ERX626834
ENSG00000162367	TAL1	ERX626846
ENSG00000162367	TAL1	SRX682388
ENSG00000162367	TAL1	SRX038908
ENSG00000162367	TAL1	SRX038909
ENSG00000162367	TAL1	SRX248932
ENSG00000162367	TAL1	SRX1089827
ENSG00000162367	TAL1	SRX128778
ENSG00000162367	TAL1	SRX19099986
ENSG00000162367	TAL1	SRX17083215
ENSG00000162367	TAL1	SRX029597
ENSG00000162367	TAL1	SRX107298
ENSG00000162367	TAL1	ERX626828
ENSG00000162367	TAL1	ERX626843
ENSG00000162367	TAL1	ERX626840
ENSG00000162367	TAL1	ERX626831
ENSG00000162367	TAL1	SRX058249
ENSG00000162367	TAL1	SRX107297
ENSG00000162367	TAL1	SRX128777
ENSG00000162367	TAL1	SRX658606
ENSG00000162367	TAL1	SRX658607
ENSG00000162367	TAL1	SRX107299
ENSG00000197905	TEAD4	SRX190351
ENSG00000197905	TEAD4	SRX16499815
ENSG00000197905	TEAD4	SRX16499816
ENSG00000074219	TEAD2	SRX2424409
ENSG00000074219	TEAD2	SRX2424408
ENSG00000072310	SREBF1	SRX186622
ENSG00000072310	SREBF1	SRX2424468
ENSG00000072310	SREBF1	SRX9531406
ENSG00000072310	SREBF1	SRX9531412
ENSG00000072310	SREBF1	SRX2424469
ENSG00000072310	SREBF1	SRX9531405
ENSG00000072310	SREBF1	SRX9531411
ENSG00000072310	SREBF1	SRX9531407
ENSG00000072310	SREBF1	SRX9531413
ENSG00000072310	SREBF1	SRX9531418
ENSG00000072310	SREBF1	SRX9531419
ENSG00000072310	SREBF1	SRX9531417
ENSG00000163848	ZNF148	SRX6783934
ENSG00000163848	ZNF148	SRX6783933
ENSG00000136826	KLF4	SRX5763015
ENSG00000103495	MAZ	SRX10477170
ENSG00000103495	MAZ	SRX10976535
ENSG00000103495	MAZ	SRX10477171
ENSG00000103495	MAZ	SRX10976534
ENSG00000103495	MAZ	SRX150363
ENSG00000103495	MAZ	SRX150417
ENSG00000103495	MAZ	SRX23678716
ENSG00000103495	MAZ	SRX23678714
ENSG00000103495	MAZ	SRX7044869
ENSG00000103495	MAZ	SRX20870814
ENSG00000103495	MAZ	SRX23678718
ENSG00000103495	MAZ	SRX23678719
ENSG00000103495	MAZ	SRX23678720
ENSG00000103495	MAZ	SRX23678717
ENSG00000103495	MAZ	SRX23678715
ENSG00000103495	MAZ	SRX23678721
ENSG00000103495	MAZ	SRX23678722
ENSG00000103495	MAZ	SRX8418556
ENSG00000103495	MAZ	SRX10476766
ENSG00000103495	MAZ	SRX10476765
ENSG00000103495	MAZ	SRX20870817
ENSG00000103495	MAZ	SRX23678723
ENSG00000103495	MAZ	SRX23678724
ENSG00000103495	MAZ	SRX23678713
ENSG00000129911	KLF16	SRX2636282
ENSG00000129911	KLF16	SRX2636281
ENSG00000155090	KLF10	SRX10476484
ENSG00000155090	KLF10	SRX10476483
ENSG00000245848	CEBPA	SRX9317683
ENSG00000245848	CEBPA	SRX9317684
ENSG00000245848	CEBPA	SRX8272875
ENSG00000245848	CEBPA	SRX8272874
ENSG00000245848	CEBPA	SRX8272873
ENSG00000245848	CEBPA	SRX5141100
ENSG00000245848	CEBPA	SRX8272876
ENSG00000245848	CEBPA	SRX8272897
ENSG00000245848	CEBPA	SRX8272877
ENSG00000245848	CEBPA	SRX8272898
ENSG00000245848	CEBPA	SRX8272878
ENSG00000245848	CEBPA	SRX8272879
ENSG00000245848	CEBPA	SRX17036111
ENSG00000245848	CEBPA	SRX17036103
ENSG00000245848	CEBPA	SRX097096
ENSG00000245848	CEBPA	SRX8272880
ENSG00000245848	CEBPA	SRX5141101
ENSG00000245848	CEBPA	SRX097110
ENSG00000245848	CEBPA	SRX10119114
ENSG00000245848	CEBPA	SRX10119113
ENSG00000245848	CEBPA	SRX10119115
ENSG00000245848	CEBPA	SRX4705113
ENSG00000245848	CEBPA	SRX4705115
ENSG00000245848	CEBPA	SRX3098197
ENSG00000245848	CEBPA	SRX097095
ENSG00000245848	CEBPA	SRX21805435
ENSG00000245848	CEBPA	SRX21805433
ENSG00000245848	CEBPA	SRX15986419
ENSG00000245848	CEBPA	ERX626865
ENSG00000245848	CEBPA	SRX2245499
ENSG00000245848	CEBPA	SRX3098198
ENSG00000245848	CEBPA	SRX10119111
ENSG00000245848	CEBPA	SRX10119112
ENSG00000245848	CEBPA	SRX10119110
ENSG00000245848	CEBPA	SRX20230012
ENSG00000245848	CEBPA	SRX20230011
ENSG00000245848	CEBPA	SRX20230014
ENSG00000245848	CEBPA	SRX20230013
ENSG00000245848	CEBPA	SRX19553527
ENSG00000245848	CEBPA	SRX19553528
ENSG00000245848	CEBPA	SRX17036109
ENSG00000245848	CEBPA	SRX3098199
ENSG00000245848	CEBPA	SRX3098200
ENSG00000245848	CEBPA	SRX8621693
ENSG00000245848	CEBPA	SRX3098190
ENSG00000245848	CEBPA	SRX5157157
ENSG00000245848	CEBPA	ERX626852
ENSG00000245848	CEBPA	SRX3098189
ENSG00000245848	CEBPA	SRX097105
ENSG00000245848	CEBPA	SRX5157161
ENSG00000245848	CEBPA	SRX5157156
ENSG00000245848	CEBPA	SRX5157165
ENSG00000245848	CEBPA	SRX5157160
ENSG00000245848	CEBPA	SRX3098192
ENSG00000245848	CEBPA	SRX3098191
ENSG00000245848	CEBPA	SRX698185
ENSG00000245848	CEBPA	SRX698184
ENSG00000245848	CEBPA	SRX5157148
ENSG00000245848	CEBPA	SRX5157164
ENSG00000245848	CEBPA	SRX5157150
ENSG00000245848	CEBPA	SRX5157149
ENSG00000245848	CEBPA	SRX5157162
ENSG00000245848	CEBPA	SRX5157151
ENSG00000245848	CEBPA	SRX5157163
ENSG00000245848	CEBPA	SRX5157153
ENSG00000245848	CEBPA	SRX5157159
ENSG00000245848	CEBPA	SRX5157158
ENSG00000245848	CEBPA	SRX5157154
ENSG00000245848	CEBPA	SRX5157155
ENSG00000245848	CEBPA	SRX5157152
ENSG00000245848	CEBPA	SRX17036105
ENSG00000245848	CEBPA	SRX17036107
ENSG00000221869	CEBPD	SRX190362
ENSG00000092067	CEBPE	ERX626783
ENSG00000092067	CEBPE	ERX626858
ENSG00000092067	CEBPE	ERX626871
ENSG00000153879	CEBPG	SRX3322315
ENSG00000153879	CEBPG	SRX3322314
ENSG00000153879	CEBPG	SRX3322630
ENSG00000153879	CEBPG	SRX3322629
ENSG00000172216	CEBPB	SRX9029194
ENSG00000172216	CEBPB	SRX2770847
ENSG00000172216	CEBPB	SRX190334
ENSG00000172216	CEBPB	SRX190306
ENSG00000172216	CEBPB	SRX2770845
ENSG00000172216	CEBPB	SRX150578
ENSG00000172216	CEBPB	SRX2957422
ENSG00000172216	CEBPB	SRX3244993
ENSG00000172216	CEBPB	SRX2770846
ENSG00000172216	CEBPB	SRX3244992
ENSG00000172216	CEBPB	SRX9029195
ENSG00000172216	CEBPB	SRX2770844
ENSG00000172216	CEBPB	SRX2424305
ENSG00000172216	CEBPB	SRX2423912
ENSG00000172216	CEBPB	SRX10212069
ENSG00000172216	CEBPB	SRX7397471
ENSG00000172216	CEBPB	SRX2424306
ENSG00000172216	CEBPB	SRX885891
ENSG00000172216	CEBPB	ERX704050
ENSG00000172216	CEBPB	SRX885897
ENSG00000172216	CEBPB	SRX7397470
ENSG00000172216	CEBPB	SRX093190
ENSG00000172216	CEBPB	SRX2245500
ENSG00000172216	CEBPB	SRX885895
ENSG00000172216	CEBPB	SRX3434296
ENSG00000172216	CEBPB	SRX10212070
ENSG00000172216	CEBPB	SRX885893
ENSG00000172216	CEBPB	SRX10212068
ENSG00000172216	CEBPB	SRX10212064
ENSG00000172216	CEBPB	SRX885892
ENSG00000172216	CEBPB	SRX885896
ENSG00000172216	CEBPB	SRX10212063
ENSG00000172216	CEBPB	SRX885894
ENSG00000172216	CEBPB	SRX9029207
ENSG00000172216	CEBPB	SRX6813402
ENSG00000172216	CEBPB	SRX4001955
ENSG00000172216	CEBPB	SRX2423913
ENSG00000172216	CEBPB	SRX4394541
ENSG00000172216	CEBPB	SRX4394540
ENSG00000172216	CEBPB	SRX10212062
ENSG00000172216	CEBPB	SRX4001957
ENSG00000172216	CEBPB	SRX885898
ENSG00000172216	CEBPB	SRX9029206
ENSG00000172216	CEBPB	SRX4001954
ENSG00000172216	CEBPB	SRX4001956
ENSG00000172216	CEBPB	ERX704034
ENSG00000172216	CEBPB	SRX3263401
ENSG00000172216	CEBPB	SRX6813410
ENSG00000172216	CEBPB	SRX3263402
ENSG00000172216	CEBPB	SRX093184
ENSG00000138795	LEF1	SRX11522919
ENSG00000138795	LEF1	SRX11522920
ENSG00000138795	LEF1	SRX2423803
ENSG00000138795	LEF1	SRX2423804
ENSG00000138795	LEF1	SRX3322824
ENSG00000138795	LEF1	SRX3322825
ENSG00000138795	LEF1	SRX11522921
ENSG00000138795	LEF1	SRX10774917
ENSG00000138795	LEF1	SRX10774918
ENSG00000138795	LEF1	SRX10774920
ENSG00000138795	LEF1	SRX10774919
ENSG00000148516	ZEB1	SRX100456
ENSG00000148516	ZEB1	SRX7083415
ENSG00000067082	KLF6	SRX10475759
ENSG00000067082	KLF6	SRX10475760
ENSG00000090447	TFAP4	SRX20420567
ENSG00000090447	TFAP4	SRX259618
ENSG00000090447	TFAP4	SRX20420572
ENSG00000090447	TFAP4	SRX20420573
ENSG00000090447	TFAP4	SRX20420574
ENSG00000090447	TFAP4	SRX259617
ENSG00000090447	TFAP4	SRX20420571
ENSG00000090447	TFAP4	SRX20420575
ENSG00000090447	TFAP4	SRX20420564
ENSG00000090447	TFAP4	SRX20420570
ENSG00000090447	TFAP4	SRX20420569
ENSG00000090447	TFAP4	SRX20420568
ENSG00000090447	TFAP4	SRX20420565
ENSG00000090447	TFAP4	SRX20420566
ENSG00000102554	KLF5	SRX5457563
ENSG00000102554	KLF5	SRX5457562
ENSG00000111424	VDR	SRX387777
ENSG00000111424	VDR	SRX022394
ENSG00000111424	VDR	SRX022396
ENSG00000111424	VDR	SRX022391
ENSG00000111424	VDR	SRX022390
ENSG00000111424	VDR	SRX022393
ENSG00000111424	VDR	SRX022395
ENSG00000111424	VDR	SRX022392
ENSG00000111424	VDR	SRX022397
ENSG00000111424	VDR	SRX045434
ENSG00000111424	VDR	SRX2319761
ENSG00000111424	VDR	SRX360404
ENSG00000111424	VDR	SRX360402
ENSG00000111424	VDR	SRX7756149
ENSG00000111424	VDR	SRX2319763
ENSG00000111424	VDR	SRX2319765
ENSG00000111424	VDR	SRX2319760
ENSG00000111424	VDR	SRX7756148
ENSG00000111424	VDR	SRX2319757
ENSG00000111424	VDR	SRX2319759
ENSG00000111424	VDR	SRX2319762
ENSG00000111424	VDR	SRX360403
ENSG00000111424	VDR	SRX2319754
ENSG00000111424	VDR	SRX7756142
ENSG00000111424	VDR	SRX7756145
ENSG00000111424	VDR	SRX2319758
ENSG00000111424	VDR	SRX7756143
ENSG00000111424	VDR	SRX2319756
ENSG00000111424	VDR	SRX2319764
ENSG00000111424	VDR	SRX7756146
ENSG00000111424	VDR	SRX2319755
ENSG00000111424	VDR	SRX387776
ENSG00000111424	VDR	SRX045435
ENSG00000187079	TEAD1	SRX16499814
ENSG00000187079	TEAD1	SRX10478391
ENSG00000187079	TEAD1	SRX10478392
ENSG00000187079	TEAD1	SRX16499813
ENSG00000070444	MNT	SRX3322387
ENSG00000070444	MNT	SRX3322946
ENSG00000070444	MNT	SRX3322386
ENSG00000070444	MNT	SRX3322438
ENSG00000070444	MNT	SRX3322439
ENSG00000070444	MNT	SRX3322947
ENSG00000170608	FOXA3	SRX16498556
ENSG00000170608	FOXA3	SRX10475173
ENSG00000170608	FOXA3	SRX10475172
ENSG00000170608	FOXA3	SRX16498555
ENSG00000167081	PBX3	SRX100577
ENSG00000119866	BCL11A	SRX100433
ENSG00000119866	BCL11A	SRX2831680
ENSG00000119866	BCL11A	SRX2831679
ENSG00000119866	BCL11A	SRX3160998
ENSG00000119866	BCL11A	SRX3160997
ENSG00000119866	BCL11A	SRX471323
ENSG00000153234	NR4A2	SRX12698893
ENSG00000153234	NR4A2	SRX12698909
ENSG00000153234	NR4A2	SRX12698889
ENSG00000153234	NR4A2	SRX12698897
ENSG00000153234	NR4A2	SRX12698901
ENSG00000153234	NR4A2	SRX12698905
ENSG00000120798	NR2C1	SRX3322930
ENSG00000120798	NR2C1	SRX3322931
ENSG00000120798	NR2C1	SRX3323054
ENSG00000120798	NR2C1	SRX3323053
ENSG00000120798	NR2C1	SRX3322065
ENSG00000120798	NR2C1	SRX3322064
ENSG00000181827	RFX7	SRX11166852
ENSG00000181827	RFX7	SRX11166851
ENSG00000057657	PRDM1	SRX3070540
ENSG00000066336	SPI1	SRX9029196
ENSG00000066336	SPI1	SRX9029208
ENSG00000066336	SPI1	SRX9029209
ENSG00000066336	SPI1	SRX9029197
ENSG00000066336	SPI1	SRX5574447
ENSG00000066336	SPI1	SRX5574459
ENSG00000066336	SPI1	SRX5574369
ENSG00000066336	SPI1	SRX5574461
ENSG00000066336	SPI1	SRX5574458
ENSG00000066336	SPI1	SRX5574448
ENSG00000066336	SPI1	SRX5574457
ENSG00000066336	SPI1	SRX5574365
ENSG00000066336	SPI1	SRX5574354
ENSG00000066336	SPI1	SRX5574341
ENSG00000066336	SPI1	SRX5574377
ENSG00000066336	SPI1	SRX5574505
ENSG00000066336	SPI1	SRX5141099
ENSG00000066336	SPI1	SRX5574364
ENSG00000066336	SPI1	SRX5574492
ENSG00000066336	SPI1	SRX5574387
ENSG00000066336	SPI1	SRX5574363
ENSG00000066336	SPI1	SRX5574340
ENSG00000066336	SPI1	SRX5574498
ENSG00000066336	SPI1	SRX9317678
ENSG00000066336	SPI1	SRX5574453
ENSG00000066336	SPI1	SRX5574452
ENSG00000066336	SPI1	SRX5574493
ENSG00000066336	SPI1	SRX5574506
ENSG00000066336	SPI1	SRX5574460
ENSG00000066336	SPI1	SRX2770854
ENSG00000066336	SPI1	SRX5574355
ENSG00000066336	SPI1	SRX5574496
ENSG00000066336	SPI1	SRX5574497
ENSG00000066336	SPI1	SRX5574359
ENSG00000066336	SPI1	SRX5574494
ENSG00000066336	SPI1	SRX2770855
ENSG00000066336	SPI1	SRX5574507
ENSG00000066336	SPI1	SRX5574491
ENSG00000066336	SPI1	SRX2770857
ENSG00000066336	SPI1	SRX5574446
ENSG00000066336	SPI1	SRX627428
ENSG00000066336	SPI1	SRX1048461
ENSG00000066336	SPI1	SRX3244991
ENSG00000066336	SPI1	SRX5574463
ENSG00000066336	SPI1	SRX1023792
ENSG00000066336	SPI1	SRX5574362
ENSG00000066336	SPI1	SRX5574495
ENSG00000066336	SPI1	SRX100576
ENSG00000066336	SPI1	SRX5574361
ENSG00000066336	SPI1	SRX093183
ENSG00000066336	SPI1	SRX2770856
ENSG00000066336	SPI1	SRX5574392
ENSG00000066336	SPI1	SRX1089833
ENSG00000066336	SPI1	SRX5574376
ENSG00000066336	SPI1	SRX5574372
ENSG00000066336	SPI1	SRX5574375
ENSG00000066336	SPI1	SRX475793
ENSG00000066336	SPI1	SRX5574451
ENSG00000066336	SPI1	SRX1089832
ENSG00000066336	SPI1	SRX1023793
ENSG00000066336	SPI1	SRX5574370
ENSG00000066336	SPI1	SRX5574462
ENSG00000066336	SPI1	SRX5574371
ENSG00000066336	SPI1	SRX1023790
ENSG00000066336	SPI1	SRX1048483
ENSG00000066336	SPI1	SRX475795
ENSG00000066336	SPI1	SRX5574348
ENSG00000066336	SPI1	SRX5574373
ENSG00000066336	SPI1	SRX1023791
ENSG00000066336	SPI1	SRX5574352
ENSG00000066336	SPI1	SRX100443
ENSG00000066336	SPI1	SRX5574343
ENSG00000066336	SPI1	SRX1431736
ENSG00000066336	SPI1	SRX190299
ENSG00000066336	SPI1	SRX1431738
ENSG00000066336	SPI1	SRX5574342
ENSG00000066336	SPI1	SRX5574345
ENSG00000066336	SPI1	SRX5574344
ENSG00000066336	SPI1	SRX1431737
ENSG00000066336	SPI1	SRX5574350
ENSG00000066336	SPI1	SRX627430
ENSG00000066336	SPI1	SRX20230008
ENSG00000066336	SPI1	SRX5574510
ENSG00000066336	SPI1	SRX5574511
ENSG00000066336	SPI1	SRX22183927
ENSG00000066336	SPI1	SRX698188
ENSG00000066336	SPI1	SRX100429
ENSG00000066336	SPI1	SRX1431739
ENSG00000066336	SPI1	SRX794057
ENSG00000066336	SPI1	SRX5574473
ENSG00000066336	SPI1	SRX20230010
ENSG00000066336	SPI1	SRX18154277
ENSG00000066336	SPI1	SRX5574476
ENSG00000066336	SPI1	SRX1431733
ENSG00000066336	SPI1	SRX22183928
ENSG00000066336	SPI1	SRX1431734
ENSG00000066336	SPI1	SRX5574357
ENSG00000066336	SPI1	SRX5574472
ENSG00000066336	SPI1	SRX698189
ENSG00000066336	SPI1	SRX5574477
ENSG00000066336	SPI1	ERX626817
ENSG00000066336	SPI1	SRX1023796
ENSG00000066336	SPI1	SRX5574367
ENSG00000066336	SPI1	SRX5574474
ENSG00000066336	SPI1	SRX5095871
ENSG00000066336	SPI1	SRX20230009
ENSG00000066336	SPI1	SRX20230007
ENSG00000066336	SPI1	SRX5574478
ENSG00000066336	SPI1	SRX1431735
ENSG00000066336	SPI1	SRX5574385
ENSG00000066336	SPI1	SRX093189
ENSG00000066336	SPI1	SRX5574475
ENSG00000066336	SPI1	SRX1023794
ENSG00000066336	SPI1	SRX1023795
ENSG00000066336	SPI1	SRX5574479
ENSG00000066336	SPI1	SRX475796
ENSG00000066336	SPI1	SRX1023797
ENSG00000066336	SPI1	ERX626807
ENSG00000066336	SPI1	SRX5574379
ENSG00000066336	SPI1	SRX103224
ENSG00000066336	SPI1	SRX10119129
ENSG00000066336	SPI1	SRX5574381
ENSG00000066336	SPI1	SRX22183925
ENSG00000066336	SPI1	SRX1431740
ENSG00000066336	SPI1	SRX5574356
ENSG00000066336	SPI1	SRX518671
ENSG00000066336	SPI1	SRX18154278
ENSG00000066336	SPI1	SRX4484984
ENSG00000066336	SPI1	SRX18154279
ENSG00000066336	SPI1	ERX626856
ENSG00000066336	SPI1	SRX10119133
ENSG00000066336	SPI1	SRX265231
ENSG00000066336	SPI1	SRX7083409
ENSG00000066336	SPI1	SRX10144602
ENSG00000066336	SPI1	SRX10119128
ENSG00000066336	SPI1	SRX10119130
ENSG00000066336	SPI1	SRX10119132
ENSG00000066336	SPI1	SRX10119131
ENSG00000066336	SPI1	SRX518676
ENSG00000066336	SPI1	SRX518680
ENSG00000066336	SPI1	SRX5574509
ENSG00000066336	SPI1	SRX5574450
ENSG00000066336	SPI1	SRX5574508
ENSG00000066336	SPI1	SRX24542849
ENSG00000066336	SPI1	SRX5574500
ENSG00000066336	SPI1	SRX10144603
ENSG00000066336	SPI1	SRX5574449
ENSG00000066336	SPI1	SRX12684447
ENSG00000066336	SPI1	SRX4001819
ENSG00000066336	SPI1	SRX12684451
ENSG00000066336	SPI1	SRX2268284
ENSG00000066336	SPI1	SRX18154280
ENSG00000066336	SPI1	SRX4001820
ENSG00000066336	SPI1	SRX2268287
ENSG00000066336	SPI1	SRX4001818
ENSG00000066336	SPI1	SRX4001821
ENSG00000066336	SPI1	SRX286019
ENSG00000066336	SPI1	SRX3824042
ENSG00000066336	SPI1	SRX2268285
ENSG00000066336	SPI1	SRX2268286
ENSG00000066336	SPI1	SRX5141098
ENSG00000066336	SPI1	SRX4001959
ENSG00000066336	SPI1	SRX3824041
ENSG00000066336	SPI1	SRX19553540
ENSG00000066336	SPI1	SRX19553539
ENSG00000066336	SPI1	SRX22183926
ENSG00000066336	SPI1	SRX24542848
ENSG00000066336	SPI1	SRX1127545
ENSG00000066336	SPI1	SRX4001960
ENSG00000066336	SPI1	SRX286018
ENSG00000066336	SPI1	SRX14869352
ENSG00000066336	SPI1	SRX14869351
ENSG00000066336	SPI1	SRX4001961
ENSG00000066336	SPI1	SRX14869359
ENSG00000066336	SPI1	SRX5574346
ENSG00000066336	SPI1	SRX14869358
ENSG00000066336	SPI1	SRX5574389
ENSG00000066336	SPI1	SRX4001958
ENSG00000066336	SPI1	ERX626869
ENSG00000066336	SPI1	SRX2268283
ENSG00000066336	SPI1	SRX2268282
ENSG00000066336	SPI1	SRX475794
ENSG00000066336	SPI1	SRX5574499
ENSG00000066336	SPI1	SRX1127535
ENSG00000066336	SPI1	ERX626863
ENSG00000066336	SPI1	ERX626876
ENSG00000066336	SPI1	ERX626868
ENSG00000066336	SPI1	SRX475755
ENSG00000066336	SPI1	SRX518684
ENSG00000066336	SPI1	SRX518688
ENSG00000066336	SPI1	SRX038911
ENSG00000066336	SPI1	SRX038910
ENSG00000066336	SPI1	ERX626851
ENSG00000066336	SPI1	ERX626855
ENSG00000066336	SPI1	SRX24006140
ENSG00000066336	SPI1	SRX24006141
ENSG00000066336	SPI1	SRX24006142
ENSG00000066336	SPI1	SRX24006143
ENSG00000066336	SPI1	ERX626864
ENSG00000066336	SPI1	SRX5574383
ENSG00000066336	SPI1	SRX5095870
ENSG00000066336	SPI1	ERX626782
ENSG00000066336	SPI1	ERX626786
ENSG00000066336	SPI1	ERX626825
ENSG00000066336	SPI1	ERX626815
ENSG00000168214	RBPJ	SRX6958364
ENSG00000168214	RBPJ	SRX6958363
ENSG00000168214	RBPJ	SRX6958366
ENSG00000168214	RBPJ	SRX6958367
ENSG00000168214	RBPJ	SRX6958368
ENSG00000168214	RBPJ	SRX20210925
ENSG00000168214	RBPJ	SRX092452
ENSG00000168214	RBPJ	SRX070884
ENSG00000168214	RBPJ	SRX369132
ENSG00000168214	RBPJ	SRX092453
ENSG00000168214	RBPJ	SRX369129
ENSG00000168214	RBPJ	SRX11165520
ENSG00000168214	RBPJ	SRX6958365
ENSG00000168214	RBPJ	SRX11165519
ENSG00000168214	RBPJ	SRX070883
ENSG00000168214	RBPJ	SRX22183923
ENSG00000168214	RBPJ	SRX22183924
ENSG00000168214	RBPJ	SRX2733347
ENSG00000168214	RBPJ	SRX20210924
ENSG00000168214	RBPJ	SRX1456195
ENSG00000168214	RBPJ	SRX1456194
ENSG00000168214	RBPJ	SRX20210923
ENSG00000168214	RBPJ	SRX22183922
ENSG00000168214	RBPJ	SRX22183920
ENSG00000168214	RBPJ	SRX22183919
ENSG00000168214	RBPJ	SRX22183921
ENSG00000168214	RBPJ	SRX2733363
ENSG00000168214	RBPJ	SRX2733333
ENSG00000166478	ZNF143	SRX2424650
ENSG00000166478	ZNF143	SRX2424651
ENSG00000166478	ZNF143	SRX159131
ENSG00000166478	ZNF143	SRX150647
ENSG00000166478	ZNF143	SRX070885
ENSG00000166478	ZNF143	SRX16499863
ENSG00000166478	ZNF143	SRX150692
ENSG00000166478	ZNF143	SRX16499862
ENSG00000166478	ZNF143	SRX849029
ENSG00000166478	ZNF143	SRX14835721
ENSG00000166478	ZNF143	SRX14835717
ENSG00000166478	ZNF143	SRX14835725
ENSG00000166478	ZNF143	SRX11457833
ENSG00000166478	ZNF143	SRX11457825
ENSG00000166478	ZNF143	SRX11457829
ENSG00000166478	ZNF143	SRX159129
ENSG00000115507	OTX1	SRX16500183
ENSG00000115507	OTX1	SRX16500182
ENSG00000168310	IRF2	SRX2423856
ENSG00000168310	IRF2	SRX2423855
ENSG00000168310	IRF2	SRX160847
ENSG00000168310	IRF2	SRX1089831
ENSG00000137265	IRF4	SRX14648668
ENSG00000137265	IRF4	SRX14648670
ENSG00000137265	IRF4	SRX100435
ENSG00000137265	IRF4	SRX327760
ENSG00000137265	IRF4	SRX6800707
ENSG00000137265	IRF4	SRX7428079
ENSG00000137265	IRF4	SRX3279750
ENSG00000137265	IRF4	SRX8602207
ENSG00000137265	IRF4	SRX21879462
ENSG00000137265	IRF4	SRX6800702
ENSG00000137265	IRF4	SRX6800710
ENSG00000137265	IRF4	SRX6800705
ENSG00000137265	IRF4	SRX8468848
ENSG00000137265	IRF4	SRX2548278
ENSG00000137265	IRF4	SRX518670
ENSG00000137265	IRF4	SRX518679
ENSG00000137265	IRF4	SRX8468846
ENSG00000137265	IRF4	SRX8602203
ENSG00000137265	IRF4	SRX8602199
ENSG00000137265	IRF4	SRX8602201
ENSG00000137265	IRF4	SRX8602205
ENSG00000137265	IRF4	SRX518675
ENSG00000137265	IRF4	SRX7083401
ENSG00000137265	IRF4	SRX8602206
ENSG00000137265	IRF4	SRX8602200
ENSG00000137265	IRF4	SRX17134565
ENSG00000137265	IRF4	SRX17134564
ENSG00000137265	IRF4	SRX8602204
ENSG00000137265	IRF4	SRX22541955
ENSG00000137265	IRF4	SRX8602208
ENSG00000137265	IRF4	SRX14648669
ENSG00000137265	IRF4	SRX8602202
ENSG00000137265	IRF4	SRX8602210
ENSG00000137265	IRF4	SRX518683
ENSG00000137265	IRF4	SRX8602209
ENSG00000137265	IRF4	SRX22541957
ENSG00000137265	IRF4	SRX22541967
ENSG00000137265	IRF4	SRX22541965
ENSG00000137265	IRF4	SRX2548280
ENSG00000137265	IRF4	SRX518687
ENSG00000137265	IRF4	SRX21879464
ENSG00000137265	IRF4	SRX6073298
ENSG00000137265	IRF4	SRX6073299
ENSG00000137265	IRF4	SRX6073297
ENSG00000137265	IRF4	SRX11896369
ENSG00000173039	RELA	SRX14333238
ENSG00000173039	RELA	SRX2837382
ENSG00000173039	RELA	SRX017878
ENSG00000173039	RELA	SRX017891
ENSG00000173039	RELA	SRX150608
ENSG00000173039	RELA	SRX150605
ENSG00000173039	RELA	SRX150606
ENSG00000173039	RELA	SRX017879
ENSG00000173039	RELA	SRX1460848
ENSG00000173039	RELA	SRX4401061
ENSG00000173039	RELA	SRX256999
ENSG00000173039	RELA	SRX2424412
ENSG00000173039	RELA	SRX1460847
ENSG00000173039	RELA	SRX150362
ENSG00000173039	RELA	SRX14333223
ENSG00000173039	RELA	SRX14333232
ENSG00000173039	RELA	SRX017912
ENSG00000173039	RELA	SRX4401065
ENSG00000173039	RELA	SRX14333229
ENSG00000173039	RELA	SRX150353
ENSG00000173039	RELA	SRX14333235
ENSG00000173039	RELA	SRX14333244
ENSG00000173039	RELA	SRX4401064
ENSG00000173039	RELA	SRX257000
ENSG00000173039	RELA	SRX14333247
ENSG00000173039	RELA	SRX256998
ENSG00000173039	RELA	SRX150557
ENSG00000173039	RELA	SRX2424413
ENSG00000173039	RELA	SRX14333241
ENSG00000173039	RELA	SRX256997
ENSG00000173039	RELA	SRX14333226
ENSG00000173039	RELA	SRX4401063
ENSG00000173039	RELA	SRX150365
ENSG00000173039	RELA	SRX017871
ENSG00000173039	RELA	SRX017913
ENSG00000173039	RELA	SRX150610
ENSG00000173039	RELA	SRX4401066
ENSG00000173039	RELA	SRX7083406
ENSG00000173039	RELA	SRX017895
ENSG00000173039	RELA	SRX150359
ENSG00000173039	RELA	SRX14499808
ENSG00000173039	RELA	SRX14499809
ENSG00000173039	RELA	SRX017911
ENSG00000173039	RELA	SRX017859
ENSG00000173039	RELA	SRX4001967
ENSG00000173039	RELA	SRX017865
ENSG00000173039	RELA	SRX017863
ENSG00000173039	RELA	SRX017867
ENSG00000173039	RELA	SRX017870
ENSG00000173039	RELA	SRX017866
ENSG00000173039	RELA	SRX017860
ENSG00000173039	RELA	SRX017858
ENSG00000173039	RELA	SRX150361
ENSG00000173039	RELA	SRX017888
ENSG00000173039	RELA	SRX017897
ENSG00000173039	RELA	SRX017890
ENSG00000173039	RELA	SRX017907
ENSG00000173039	RELA	SRX017900
ENSG00000173039	RELA	SRX017884
ENSG00000173039	RELA	SRX017906
ENSG00000173039	RELA	SRX017872
ENSG00000173039	RELA	SRX017902
ENSG00000173039	RELA	SRX017887
ENSG00000173039	RELA	SRX017894
ENSG00000173039	RELA	SRX017889
ENSG00000173039	RELA	SRX4401062
ENSG00000173039	RELA	SRX017901
ENSG00000173039	RELA	SRX017908
ENSG00000173039	RELA	SRX790965
ENSG00000173039	RELA	SRX790966
ENSG00000173039	RELA	SRX4001966
ENSG00000173039	RELA	SRX017882
ENSG00000173039	RELA	SRX017877
ENSG00000173039	RELA	SRX017883
ENSG00000173039	RELA	SRX017905
ENSG00000173039	RELA	SRX017875
ENSG00000173039	RELA	SRX017864
ENSG00000173039	RELA	SRX017896
ENSG00000173039	RELA	SRX017876
ENSG00000173039	RELA	SRX5371743
ENSG00000173039	RELA	SRX5371742
ENSG00000085274	MYNN	SRX16495512
ENSG00000085274	MYNN	SRX2636242
ENSG00000085274	MYNN	SRX16495511
ENSG00000085274	MYNN	SRX10478465
ENSG00000085274	MYNN	SRX2636243
ENSG00000085274	MYNN	SRX10478464
ENSG00000159216	RUNX1;LOC100506403	SRX259612
ENSG00000159216	RUNX1;LOC100506403	SRX20230018
ENSG00000159216	RUNX1;LOC100506403	SRX259622
ENSG00000159216	RUNX1;LOC100506403	SRX9317682
ENSG00000159216	RUNX1;LOC100506403	SRX259621
ENSG00000159216	RUNX1;LOC100506403	SRX1803059
ENSG00000159216	RUNX1;LOC100506403	SRX3586367
ENSG00000159216	RUNX1;LOC100506403	SRX19553529
ENSG00000159216	RUNX1;LOC100506403	SRX20230015
ENSG00000159216	RUNX1;LOC100506403	SRX747571
ENSG00000159216	RUNX1;LOC100506403	SRX1041800
ENSG00000159216	RUNX1;LOC100506403	SRX20230016
ENSG00000159216	RUNX1;LOC100506403	SRX259611
ENSG00000159216	RUNX1;LOC100506403	SRX3586366
ENSG00000159216	RUNX1;LOC100506403	SRX1492212
ENSG00000159216	RUNX1;LOC100506403	SRX3586365
ENSG00000159216	RUNX1;LOC100506403	SRX015826
ENSG00000159216	RUNX1;LOC100506403	SRX18154281
ENSG00000159216	RUNX1;LOC100506403	SRX19553530
ENSG00000159216	RUNX1;LOC100506403	SRX9317681
ENSG00000159216	RUNX1;LOC100506403	SRX18154283
ENSG00000159216	RUNX1;LOC100506403	SRX20230017
ENSG00000159216	RUNX1;LOC100506403	SRX265222
ENSG00000159216	RUNX1;LOC100506403	SRX4466285
ENSG00000159216	RUNX1;LOC100506403	SRX838202
ENSG00000159216	RUNX1;LOC100506403	SRX062339
ENSG00000159216	RUNX1;LOC100506403	SRX6909701
ENSG00000159216	RUNX1;LOC100506403	SRX18154282
ENSG00000159216	RUNX1;LOC100506403	SRX23677920
ENSG00000159216	RUNX1;LOC100506403	SRX17036104
ENSG00000159216	RUNX1;LOC100506403	SRX212444
ENSG00000159216	RUNX1;LOC100506403	SRX062335
ENSG00000159216	RUNX1;LOC100506403	SRX19553541
ENSG00000159216	RUNX1;LOC100506403	SRX369126
ENSG00000159216	RUNX1;LOC100506403	SRX8068152
ENSG00000159216	RUNX1;LOC100506403	SRX202967
ENSG00000159216	RUNX1;LOC100506403	SRX952434
ENSG00000159216	RUNX1;LOC100506403	SRX062336
ENSG00000159216	RUNX1;LOC100506403	SRX212443
ENSG00000159216	RUNX1;LOC100506403	SRX1089835
ENSG00000159216	RUNX1;LOC100506403	SRX21480185
ENSG00000159216	RUNX1;LOC100506403	SRX1089834
ENSG00000159216	RUNX1;LOC100506403	SRX1036364
ENSG00000159216	RUNX1;LOC100506403	SRX1036365
ENSG00000159216	RUNX1;LOC100506403	SRX2963102
ENSG00000159216	RUNX1;LOC100506403	SRX10144601
ENSG00000159216	RUNX1;LOC100506403	SRX14890979
ENSG00000159216	RUNX1;LOC100506403	SRX11343125
ENSG00000159216	RUNX1;LOC100506403	SRX20870818
ENSG00000159216	RUNX1;LOC100506403	SRX029435
ENSG00000159216	RUNX1;LOC100506403	SRX14890968
ENSG00000159216	RUNX1;LOC100506403	SRX14890970
ENSG00000159216	RUNX1;LOC100506403	SRX14890980
ENSG00000159216	RUNX1;LOC100506403	SRX14890976
ENSG00000159216	RUNX1;LOC100506403	SRX3030206
ENSG00000159216	RUNX1;LOC100506403	SRX5729923
ENSG00000159216	RUNX1;LOC100506403	SRX14890975
ENSG00000159216	RUNX1;LOC100506403	SRX14890972
ENSG00000159216	RUNX1;LOC100506403	SRX10119136
ENSG00000159216	RUNX1;LOC100506403	SRX14890981
ENSG00000159216	RUNX1;LOC100506403	SRX2636047
ENSG00000159216	RUNX1;LOC100506403	SRX14890977
ENSG00000159216	RUNX1;LOC100506403	SRX14890971
ENSG00000159216	RUNX1;LOC100506403	SRX062337
ENSG00000159216	RUNX1;LOC100506403	SRX14890978
ENSG00000159216	RUNX1;LOC100506403	SRX21480187
ENSG00000159216	RUNX1;LOC100506403	SRX14890967
ENSG00000159216	RUNX1;LOC100506403	SRX14890982
ENSG00000159216	RUNX1;LOC100506403	SRX14890969
ENSG00000159216	RUNX1;LOC100506403	SRX2423984
ENSG00000159216	RUNX1;LOC100506403	SRX13405090
ENSG00000159216	RUNX1;LOC100506403	SRX2423983
ENSG00000159216	RUNX1;LOC100506403	SRX20870815
ENSG00000159216	RUNX1;LOC100506403	SRX20804901
ENSG00000159216	RUNX1;LOC100506403	SRX18154284
ENSG00000159216	RUNX1;LOC100506403	SRX248935
ENSG00000159216	RUNX1;LOC100506403	SRX21480188
ENSG00000159216	RUNX1;LOC100506403	SRX112545
ENSG00000159216	RUNX1;LOC100506403	SRX10119134
ENSG00000159216	RUNX1;LOC100506403	SRX10119135
ENSG00000159216	RUNX1;LOC100506403	SRX4466284
ENSG00000159216	RUNX1;LOC100506403	SRX13405091
ENSG00000159216	RUNX1;LOC100506403	SRX212442
ENSG00000159216	RUNX1;LOC100506403	SRX13405093
ENSG00000159216	RUNX1;LOC100506403	SRX13405089
ENSG00000159216	RUNX1;LOC100506403	SRX17036113
ENSG00000159216	RUNX1;LOC100506403	SRX21480189
ENSG00000159216	RUNX1;LOC100506403	SRX13405104
ENSG00000159216	RUNX1;LOC100506403	SRX14890973
ENSG00000159216	RUNX1;LOC100506403	SRX2636046
ENSG00000159216	RUNX1;LOC100506403	SRX4393711
ENSG00000159216	RUNX1;LOC100506403	SRX5567179
ENSG00000159216	RUNX1;LOC100506403	SRX206835
ENSG00000159216	RUNX1;LOC100506403	SRX10119139
ENSG00000159216	RUNX1;LOC100506403	SRX21480186
ENSG00000159216	RUNX1;LOC100506403	SRX107296
ENSG00000159216	RUNX1;LOC100506403	SRX20951835
ENSG00000159216	RUNX1;LOC100506403	SRX2014504
ENSG00000159216	RUNX1;LOC100506403	SRX3586355
ENSG00000159216	RUNX1;LOC100506403	SRX3586353
ENSG00000159216	RUNX1;LOC100506403	SRX858323
ENSG00000159216	RUNX1;LOC100506403	SRX669872
ENSG00000159216	RUNX1;LOC100506403	SRX1261522
ENSG00000159216	RUNX1;LOC100506403	SRX029083
ENSG00000159216	RUNX1;LOC100506403	SRX13405092
ENSG00000159216	RUNX1;LOC100506403	SRX062338
ENSG00000159216	RUNX1;LOC100506403	SRX3434294
ENSG00000159216	RUNX1;LOC100506403	SRX8068086
ENSG00000159216	RUNX1;LOC100506403	SRX14890974
ENSG00000159216	RUNX1;LOC100506403	SRX10119138
ENSG00000159216	RUNX1;LOC100506403	SRX8068087
ENSG00000159216	RUNX1;LOC100506403	SRX10484566
ENSG00000159216	RUNX1;LOC100506403	SRX3030205
ENSG00000159216	RUNX1;LOC100506403	ERX626872
ENSG00000159216	RUNX1;LOC100506403	SRX029085
ENSG00000159216	RUNX1;LOC100506403	SRX17036108
ENSG00000159216	RUNX1;LOC100506403	SRX112544
ENSG00000159216	RUNX1;LOC100506403	SRX682384
ENSG00000159216	RUNX1;LOC100506403	SRX8536088
ENSG00000159216	RUNX1;LOC100506403	SRX17036106
ENSG00000159216	RUNX1;LOC100506403	SRX17036110
ENSG00000159216	RUNX1;LOC100506403	SRX13405105
ENSG00000159216	RUNX1;LOC100506403	SRX8068151
ENSG00000159216	RUNX1;LOC100506403	SRX13405103
ENSG00000159216	RUNX1;LOC100506403	SRX10144608
ENSG00000159216	RUNX1;LOC100506403	SRX23677918
ENSG00000159216	RUNX1;LOC100506403	SRX23677917
ENSG00000159216	RUNX1;LOC100506403	SRX10144600
ENSG00000159216	RUNX1;LOC100506403	SRX19553542
ENSG00000159216	RUNX1;LOC100506403	SRX128783
ENSG00000159216	RUNX1;LOC100506403	SRX029081
ENSG00000159216	RUNX1;LOC100506403	SRX15203431
ENSG00000159216	RUNX1;LOC100506403	SRX10119137
ENSG00000159216	RUNX1;LOC100506403	SRX5729922
ENSG00000159216	RUNX1;LOC100506403	SRX4393712
ENSG00000159216	RUNX1;LOC100506403	SRX5567180
ENSG00000159216	RUNX1;LOC100506403	SRX858324
ENSG00000159216	RUNX1;LOC100506403	SRX063913
ENSG00000159216	RUNX1;LOC100506403	SRX23677919
ENSG00000159216	RUNX1;LOC100506403	SRX1514291
ENSG00000159216	RUNX1;LOC100506403	SRX3789540
ENSG00000159216	RUNX1;LOC100506403	SRX3789539
ENSG00000159216	RUNX1;LOC100506403	SRX10144609
ENSG00000159216	RUNX1;LOC100506403	SRX1261521
ENSG00000159216	RUNX1;LOC100506403	SRX1261520
ENSG00000159216	RUNX1;LOC100506403	SRX3789538
ENSG00000159216	RUNX1;LOC100506403	SRX20951834
ENSG00000159216	RUNX1;LOC100506403	SRX128782
ENSG00000159216	RUNX1;LOC100506403	SRX128784
ENSG00000159216	RUNX1;LOC100506403	SRX8536095
ENSG00000159216	RUNX1;LOC100506403	ERX626859
ENSG00000159216	RUNX1;LOC100506403	SRX3789541
ENSG00000159216	RUNX1;LOC100506403	SRX107295
ENSG00000159216	RUNX1;LOC100506403	SRX15203438
ENSG00000185122	HSF1	SRX3322008
ENSG00000185122	HSF1	SRX16646112
ENSG00000185122	HSF1	SRX16646111
ENSG00000185122	HSF1	SRX16646102
ENSG00000185122	HSF1	SRX262143
ENSG00000185122	HSF1	SRX13898238
ENSG00000185122	HSF1	SRX262145
ENSG00000185122	HSF1	SRX218220
ENSG00000185122	HSF1	SRX3322007
ENSG00000185122	HSF1	SRX218227
ENSG00000185122	HSF1	SRX218217
ENSG00000185122	HSF1	SRX262149
ENSG00000185122	HSF1	SRX262152
ENSG00000185122	HSF1	SRX262151
ENSG00000185122	HSF1	SRX262148
ENSG00000185122	HSF1	SRX262146
ENSG00000185122	HSF1	SRX218224
ENSG00000102878	HSF4	SRX16498557
ENSG00000102878	HSF4	SRX16498558
ENSG00000124813	RUNX2	SRX8472392
ENSG00000124813	RUNX2	SRX8472389
ENSG00000124813	RUNX2	SRX4484982
ENSG00000124813	RUNX2	SRX10644687
ENSG00000124813	RUNX2	DRX144853
ENSG00000081059	TCF7	SRX11522923
ENSG00000081059	TCF7	SRX11522924
ENSG00000081059	TCF7	SRX11522922
ENSG00000081059	TCF7	SRX2635928
ENSG00000081059	TCF7	SRX2635927
ENSG00000081059	TCF7	SRX2636402
ENSG00000081059	TCF7	SRX2636403
ENSG00000081059	TCF7	SRX10774915
ENSG00000081059	TCF7	SRX10774913
ENSG00000081059	TCF7	SRX10774916
ENSG00000081059	TCF7	SRX10774914
ENSG00000171448	ZBTB26	SRX16495649
ENSG00000171448	ZBTB26	SRX16495650
ENSG00000107485	GATA3	SRX1492213
ENSG00000107485	GATA3	SRX1041802
ENSG00000107485	GATA3	SRX158108
ENSG00000107485	GATA3	SRX158107
ENSG00000107485	GATA3	SRX092314
ENSG00000107485	GATA3	SRX092315
ENSG00000107485	GATA3	SRX7807560
ENSG00000107485	GATA3	SRX19471791
ENSG00000107485	GATA3	SRX7807559
ENSG00000107485	GATA3	SRX7807558
ENSG00000107485	GATA3	SRX15783132
ENSG00000107485	GATA3	SRX15036327
ENSG00000107485	GATA3	SRX19471790
ENSG00000107485	GATA3	SRX4705120
ENSG00000107485	GATA3	SRX15783131
ENSG00000107485	GATA3	SRX15783133
ENSG00000107485	GATA3	SRX15783134
ENSG00000107485	GATA3	SRX128781
ENSG00000107485	GATA3	SRX107287
ENSG00000107485	GATA3	SRX15036323
ENSG00000107485	GATA3	SRX7807561
ENSG00000107485	GATA3	SRX15036325
ENSG00000107485	GATA3	SRX15036329
ENSG00000107485	GATA3	SRX15036333
ENSG00000107485	GATA3	SRX15036331
ENSG00000102145	GATA1	SRX5821034
ENSG00000102145	GATA1	SRX5931551
ENSG00000102145	GATA1	SRX5821030
ENSG00000102145	GATA1	SRX150544
ENSG00000102145	GATA1	SRX1397402
ENSG00000102145	GATA1	SRX5931544
ENSG00000102145	GATA1	SRX5821031
ENSG00000102145	GATA1	SRX5931543
ENSG00000102145	GATA1	SRX1397396
ENSG00000102145	GATA1	SRX9055413
ENSG00000102145	GATA1	SRX9055414
ENSG00000102145	GATA1	SRX097068
ENSG00000102145	GATA1	SRX8536114
ENSG00000102145	GATA1	SRX10218289
ENSG00000102145	GATA1	SRX10218287
ENSG00000102145	GATA1	SRX097086
ENSG00000102145	GATA1	SRX10218291
ENSG00000102145	GATA1	SRX1397407
ENSG00000102145	GATA1	SRX8536108
ENSG00000102145	GATA1	SRX097069
ENSG00000102145	GATA1	SRX014810
ENSG00000102145	GATA1	SRX386202
ENSG00000102145	GATA1	SRX160843
ENSG00000102145	GATA1	SRX097070
ENSG00000102145	GATA1	SRX10989715
ENSG00000102145	GATA1	SRX160844
ENSG00000102145	GATA1	SRX8536109
ENSG00000102145	GATA1	SRX5169135
ENSG00000102145	GATA1	SRX1397390
ENSG00000102145	GATA1	SRX8536115
ENSG00000102145	GATA1	SRX150619
ENSG00000102145	GATA1	SRX10218288
ENSG00000102145	GATA1	SRX8536123
ENSG00000102145	GATA1	SRX8536111
ENSG00000102145	GATA1	SRX13183650
ENSG00000102145	GATA1	SRX097067
ENSG00000102145	GATA1	SRX8536107
ENSG00000102145	GATA1	SRX2481499
ENSG00000102145	GATA1	SRX218418
ENSG00000102145	GATA1	SRX10218286
ENSG00000102145	GATA1	SRX8536113
ENSG00000102145	GATA1	SRX8536124
ENSG00000102145	GATA1	SRX8536126
ENSG00000102145	GATA1	SRX8536112
ENSG00000102145	GATA1	SRX13183649
ENSG00000102145	GATA1	SRX1089823
ENSG00000102145	GATA1	SRX13183653
ENSG00000102145	GATA1	SRX13183651
ENSG00000102145	GATA1	SRX10714820
ENSG00000102145	GATA1	SRX10714834
ENSG00000102145	GATA1	SRX150413
ENSG00000102145	GATA1	SRX13183655
ENSG00000102145	GATA1	SRX10714824
ENSG00000102145	GATA1	SRX186613
ENSG00000102145	GATA1	SRX10714837
ENSG00000102145	GATA1	SRX13183657
ENSG00000102145	GATA1	SRX13183658
ENSG00000102145	GATA1	SRX8536116
ENSG00000102145	GATA1	SRX13183654
ENSG00000102145	GATA1	SRX8536106
ENSG00000102145	GATA1	SRX029433
ENSG00000102145	GATA1	SRX097108
ENSG00000102145	GATA1	SRX13183659
ENSG00000102145	GATA1	SRX10714823
ENSG00000102145	GATA1	SRX8536125
ENSG00000102145	GATA1	SRX5821038
ENSG00000102145	GATA1	SRX1397385
ENSG00000102145	GATA1	SRX5931550
ENSG00000102145	GATA1	SRX10714819
ENSG00000102145	GATA1	SRX17966408
ENSG00000102145	GATA1	SRX10714833
ENSG00000102145	GATA1	SRX6902860
ENSG00000102145	GATA1	SRX6902862
ENSG00000102145	GATA1	SRX10714836
ENSG00000102145	GATA1	SRX13602611
ENSG00000102145	GATA1	SRX13602610
ENSG00000102145	GATA1	SRX17966410
ENSG00000102145	GATA1	SRX17966411
ENSG00000102145	GATA1	SRX13602612
ENSG00000102145	GATA1	SRX029086
ENSG00000102145	GATA1	SRX099230
ENSG00000102145	GATA1	SRX099231
ENSG00000102145	GATA1	SRX10218292
ENSG00000102145	GATA1	SRX13602613
ENSG00000102145	GATA1	SRX5974577
ENSG00000102145	GATA1	SRX3445682
ENSG00000102145	GATA1	SRX5974578
ENSG00000102145	GATA1	SRX5974545
ENSG00000102145	GATA1	SRX5974546
ENSG00000102145	GATA1	SRX5974513
ENSG00000102145	GATA1	SRX3445666
ENSG00000102145	GATA1	SRX037941
ENSG00000102145	GATA1	SRX5974561
ENSG00000102145	GATA1	SRX5974529
ENSG00000102145	GATA1	SRX5974514
ENSG00000102145	GATA1	SRX5974562
ENSG00000102145	GATA1	SRX5974530
ENSG00000102145	GATA1	SRX037940
ENSG00000102145	GATA1	SRX097085
ENSG00000102145	GATA1	SRX3445674
ENSG00000102145	GATA1	SRX3445667
ENSG00000102145	GATA1	SRX5169143
ENSG00000102145	GATA1	SRX3445675
ENSG00000102145	GATA1	SRX9248422
ENSG00000102145	GATA1	SRX12151158
ENSG00000102145	GATA1	SRX12151157
ENSG00000102145	GATA1	SRX3445683
ENSG00000102145	GATA1	SRX5869439
ENSG00000102145	GATA1	SRX9248430
ENSG00000102145	GATA1	SRX1089824
ENSG00000102145	GATA1	ERX626835
ENSG00000102145	GATA1	ERX626844
ENSG00000102145	GATA1	SRX17966409
ENSG00000102145	GATA1	SRX17083212
ENSG00000102145	GATA1	SRX17083213
ENSG00000102145	GATA1	SRX17083211
ENSG00000102145	GATA1	SRX6902861
ENSG00000102145	GATA1	ERX626829
ENSG00000102145	GATA1	ERX626847
ENSG00000102145	GATA1	ERX626832
ENSG00000102145	GATA1	ERX626841
ENSG00000179348	GATA2	SRX092303
ENSG00000179348	GATA2	SRX100585
ENSG00000179348	GATA2	SRX687557
ENSG00000179348	GATA2	SRX1397391
ENSG00000179348	GATA2	SRX1397386
ENSG00000179348	GATA2	SRX1397403
ENSG00000179348	GATA2	SRX097088
ENSG00000179348	GATA2	SRX097087
ENSG00000179348	GATA2	SRX1397397
ENSG00000179348	GATA2	SRX1089836
ENSG00000179348	GATA2	SRX5169134
ENSG00000179348	GATA2	SRX1397408
ENSG00000179348	GATA2	SRX687556
ENSG00000179348	GATA2	SRX014811
ENSG00000179348	GATA2	SRX10475399
ENSG00000179348	GATA2	SRX150453
ENSG00000179348	GATA2	SRX1514279
ENSG00000179348	GATA2	SRX5169142
ENSG00000179348	GATA2	SRX16037372
ENSG00000179348	GATA2	SRX1261519
ENSG00000179348	GATA2	SRX1261518
ENSG00000179348	GATA2	SRX4393709
ENSG00000179348	GATA2	SRX265226
ENSG00000179348	GATA2	SRX4393708
ENSG00000179348	GATA2	SRX2574235
ENSG00000179348	GATA2	SRX16037371
ENSG00000179348	GATA2	SRX1261516
ENSG00000179348	GATA2	SRX1261517
ENSG00000179348	GATA2	SRX9248423
ENSG00000179348	GATA2	SRX10475400
ENSG00000179348	GATA2	SRX248934
ENSG00000179348	GATA2	SRX682386
ENSG00000179348	GATA2	SRX100320
ENSG00000179348	GATA2	SRX8536093
ENSG00000179348	GATA2	SRX8536094
ENSG00000179348	GATA2	SRX2574236
ENSG00000179348	GATA2	SRX19553545
ENSG00000179348	GATA2	SRX9248431
ENSG00000179348	GATA2	SRX19553544
ENSG00000179348	GATA2	SRX029434
ENSG00000179348	GATA2	SRX097109
ENSG00000179348	GATA2	ERX626862
ENSG00000179348	GATA2	ERX626875
ENSG00000143190	POU2F1	SRX6099463
ENSG00000028277	POU2F2	SRX9029199
ENSG00000028277	POU2F2	SRX9029198
ENSG00000028277	POU2F2	SRX9029201
ENSG00000028277	POU2F2	SRX12118515
ENSG00000028277	POU2F2	SRX12118507
ENSG00000028277	POU2F2	SRX9029211
ENSG00000028277	POU2F2	SRX12118516
ENSG00000028277	POU2F2	SRX9029200
ENSG00000028277	POU2F2	SRX3460921
ENSG00000028277	POU2F2	SRX6099459
ENSG00000028277	POU2F2	SRX12118512
ENSG00000028277	POU2F2	SRX12118509
ENSG00000028277	POU2F2	SRX100579
ENSG00000028277	POU2F2	SRX100442
ENSG00000028277	POU2F2	SRX1652877
ENSG00000028277	POU2F2	SRX1652870
ENSG00000028277	POU2F2	SRX1652871
ENSG00000028277	POU2F2	SRX9029212
ENSG00000028277	POU2F2	SRX12118518
ENSG00000028277	POU2F2	SRX12118517
ENSG00000028277	POU2F2	SRX9029210
ENSG00000028277	POU2F2	SRX1652876
ENSG00000028277	POU2F2	SRX9029213
ENSG00000204531	POU5F1	SRX5457471
ENSG00000204531	POU5F1	SRX5457472
ENSG00000141568	FOXK2	SRX3323004
ENSG00000141568	FOXK2	SRX3323005
ENSG00000141568	FOXK2	SRX2423757
ENSG00000141568	FOXK2	SRX2424047
ENSG00000141568	FOXK2	SRX2424048
ENSG00000141568	FOXK2	SRX2423758
ENSG00000114861	FOXP1	SRX5442198
ENSG00000114861	FOXP1	SRX16495722
ENSG00000114861	FOXP1	SRX4116559
ENSG00000114861	FOXP1	SRX4116561
ENSG00000114861	FOXP1	SRX758615
ENSG00000114861	FOXP1	SRX758611
ENSG00000114861	FOXP1	SRX16495721
ENSG00000114861	FOXP1	ERX1035600
ENSG00000114861	FOXP1	SRX758617
ENSG00000114861	FOXP1	SRX758607
ENSG00000114861	FOXP1	ERX1035598
ENSG00000114861	FOXP1	SRX758613
ENSG00000114861	FOXP1	ERX1035596
ENSG00000114861	FOXP1	ERX1035594
ENSG00000114861	FOXP1	SRX758619
ENSG00000114861	FOXP1	SRX758609
ENSG00000054598	FOXC1	SRX9317668
ENSG00000054598	FOXC1	SRX11343127
ENSG00000054598	FOXC1	SRX9317675
ENSG00000135365	PHF21A	SRX3321952
ENSG00000135365	PHF21A	SRX3321953
ENSG00000119950	MXI1	SRX150510
ENSG00000119950	MXI1	SRX150576
ENSG00000111206	FOXM1	SRX190187
ENSG00000111206	FOXM1	SRX3322301
ENSG00000111206	FOXM1	SRX16499965
ENSG00000111206	FOXM1	SRX16499964
ENSG00000111206	FOXM1	SRX3322300
ENSG00000129514	FOXA1	SRX8453147
ENSG00000129514	FOXA1	SRX8453149
ENSG00000129514	FOXA1	SRX2424503
ENSG00000129514	FOXA1	SRX2424502
ENSG00000276644	DACH1	SRX5457170
ENSG00000276644	DACH1	SRX5457169
ENSG00000071564	TCF3	SRX2043230
ENSG00000071564	TCF3	SRX158106
ENSG00000071564	TCF3	SRX190201
ENSG00000071564	TCF3	SRX10478378
ENSG00000071564	TCF3	SRX656347
ENSG00000071564	TCF3	SRX10478377
ENSG00000071564	TCF3	SRX2043226
ENSG00000071564	TCF3	SRX236115
ENSG00000071564	TCF3	SRX1212540
ENSG00000071564	TCF3	SRX7083392
ENSG00000071564	TCF3	SRX158105
ENSG00000071564	TCF3	SRX128780
ENSG00000071564	TCF3	SRX107286
ENSG00000185630	PBX1	SRX2043232
ENSG00000185630	PBX1	SRX6909700
ENSG00000185630	PBX1	SRX656349
ENSG00000185630	PBX1	SRX9892483
ENSG00000185630	PBX1	SRX9892487
ENSG00000185630	PBX1	SRX9892489
ENSG00000185630	PBX1	SRX9892485
ENSG00000185630	PBX1	SRX3655131
ENSG00000185630	PBX1	SRX3655130
ENSG00000147421	HMBOX1	SRX2636283
ENSG00000147421	HMBOX1	SRX2636284
ENSG00000078399	HOXA9	SRX150750
ENSG00000078399	HOXA9	SRX150752
ENSG00000120068	HOXB8	SRX4882227
ENSG00000108511	HOXB6	SRX16500146
ENSG00000108511	HOXB6	SRX16500145
ENSG00000008441	NFIX	SRX10478310
ENSG00000008441	NFIX	SRX10478309
ENSG00000141905	NFIC	SRX190337
ENSG00000141905	NFIC	SRX3323078
ENSG00000141905	NFIC	SRX3323077
ENSG00000169635	HIC2	SRX13711950
ENSG00000169635	HIC2	SRX17966414
ENSG00000169635	HIC2	SRX17966412
ENSG00000169635	HIC2	SRX17966413
ENSG00000169635	HIC2	SRX17966415
ENSG00000125398	SOX9	SRX11416753
ENSG00000164916	FOXK1	SRX16500156
ENSG00000164916	FOXK1	SRX16500157
ENSG00000184481	FOXO4	SRX10977319
ENSG00000184481	FOXO4	SRX10977320
ENSG00000175387	SMAD2	SRX5186323
ENSG00000175387	SMAD2	SRX2423581
ENSG00000175387	SMAD2	SRX2423582
ENSG00000049768	FOXP3	SRX212445
ENSG00000049768	FOXP3	SRX212447
ENSG00000049768	FOXP3	SRX212448
ENSG00000049768	FOXP3	SRX212446
ENSG00000116016	EPAS1	SRX212355
ENSG00000116016	EPAS1	SRX212365
ENSG00000116016	EPAS1	SRX212357
ENSG00000116016	EPAS1	SRX212363
ENSG00000116016	EPAS1	SRX212364
ENSG00000116016	EPAS1	SRX212356
ENSG00000116016	EPAS1	SRX212358
ENSG00000116016	EPAS1	SRX212366
ENSG00000143437	ARNT	SRX2423555
ENSG00000143437	ARNT	SRX5457279
ENSG00000143437	ARNT	SRX2423556
ENSG00000143437	ARNT	SRX3322257
ENSG00000143437	ARNT	SRX5457280
ENSG00000143437	ARNT	SRX5457204
ENSG00000143437	ARNT	SRX3322256
ENSG00000143437	ARNT	SRX5457205
ENSG00000073861	TBX21	SRX735289
ENSG00000073861	TBX21	SRX1799593
ENSG00000073861	TBX21	SRX2424362
ENSG00000073861	TBX21	SRX1799591
ENSG00000073861	TBX21	SRX2424363
ENSG00000073861	TBX21	SRX092313
ENSG00000204304	PBX2	SRX2423704
ENSG00000204304	PBX2	SRX2423703
ENSG00000204304	PBX2	SRX2636099
ENSG00000204304	PBX2	SRX2636098
ENSG00000100644	HIF1A	SRX8180617
ENSG00000100644	HIF1A	SRX7494163
ENSG00000100644	HIF1A	SRX8180621
ENSG00000100644	HIF1A	SRX212354
ENSG00000100644	HIF1A	SRX7494164
ENSG00000100644	HIF1A	SRX212361
ENSG00000100644	HIF1A	SRX7494162
ENSG00000100644	HIF1A	SRX7494161
ENSG00000100644	HIF1A	SRX212353
ENSG00000100644	HIF1A	SRX212360
ENSG00000100644	HIF1A	SRX212352
ENSG00000100644	HIF1A	SRX212351
ENSG00000100644	HIF1A	SRX8180623
ENSG00000100644	HIF1A	SRX212359
ENSG00000100644	HIF1A	SRX212362
ENSG00000175592	FOSL1	SRX3322097
ENSG00000175592	FOSL1	SRX100484
ENSG00000175592	FOSL1	SRX10954237
ENSG00000175592	FOSL1	SRX3322098
ENSG00000175592	FOSL1	SRX2821739
ENSG00000175592	FOSL1	SRX2821736
ENSG00000175592	FOSL1	SRX2821737
ENSG00000175592	FOSL1	SRX2821738
ENSG00000175592	FOSL1	SRX10954239
ENSG00000170345	FOS	SRX6944145
ENSG00000170345	FOS	SRX6944149
ENSG00000170345	FOS	SRX6944150
ENSG00000170345	FOS	SRX6944151
ENSG00000170345	FOS	SRX6944146
ENSG00000170345	FOS	SRX1032966
ENSG00000170345	FOS	SRX029088
ENSG00000170345	FOS	SRX21480182
ENSG00000170345	FOS	SRX1032965
ENSG00000170345	FOS	SRX092306
ENSG00000170345	FOS	SRX029087
ENSG00000170345	FOS	SRX13899352
ENSG00000170345	FOS	SRX19553532
ENSG00000170345	FOS	SRX17036112
ENSG00000170345	FOS	SRX4345362
ENSG00000170345	FOS	SRX19553535
ENSG00000170345	FOS	SRX19553534
ENSG00000170345	FOS	SRX21480184
ENSG00000170345	FOS	SRX19553531
ENSG00000170345	FOS	SRX19553543
ENSG00000170345	FOS	SRX19553533
ENSG00000170345	FOS	SRX015141
ENSG00000170345	FOS	SRX150435
ENSG00000170345	FOS	SRX082163
ENSG00000170345	FOS	SRX21480181
ENSG00000170345	FOS	SRX4001969
ENSG00000170345	FOS	SRX150489
ENSG00000170345	FOS	SRX4001968
ENSG00000170345	FOS	SRX21480183
ENSG00000130522	JUND	SRX092301
ENSG00000130522	JUND	SRX186639
ENSG00000130522	JUND	SRX150648
ENSG00000130522	JUND	SRX8536092
ENSG00000130522	JUND	SRX082162
ENSG00000130522	JUND	SRX150620
ENSG00000130522	JUND	SRX4390178
ENSG00000130522	JUND	SRX4390177
ENSG00000130522	JUND	SRX8536091
ENSG00000177606	JUN	SRX150681
ENSG00000177606	JUN	SRX186614
ENSG00000177606	JUN	SRX150600
ENSG00000177606	JUN	SRX16495813
ENSG00000177606	JUN	SRX6800708
ENSG00000177606	JUN	SRX6800703
ENSG00000177606	JUN	SRX015140
ENSG00000177606	JUN	SRX150491
ENSG00000177606	JUN	SRX16495812
ENSG00000177606	JUN	SRX150546
ENSG00000177606	JUN	SRX6800711
ENSG00000177606	JUN	SRX6800706
ENSG00000177606	JUN	SRX10119117
ENSG00000177606	JUN	SRX10119116
ENSG00000177606	JUN	SRX10119119
ENSG00000177606	JUN	SRX10119120
ENSG00000177606	JUN	SRX10119121
ENSG00000177606	JUN	SRX10119118
ENSG00000177606	JUN	SRX150547
ENSG00000177606	JUN	SRX8420196
ENSG00000177606	JUN	SRX6800709
ENSG00000075426	FOSL2	SRX10954243
ENSG00000075426	FOSL2	SRX10954241
ENSG00000171223	JUNB	SRX6944153
ENSG00000171223	JUNB	SRX6944154
ENSG00000171223	JUNB	SRX2636462
ENSG00000171223	JUNB	SRX092300
ENSG00000171223	JUNB	SRX2636461
ENSG00000171223	JUNB	SRX10478666
ENSG00000171223	JUNB	SRX10478665
ENSG00000171223	JUNB	SRX4345363
ENSG00000171223	JUNB	SRX2636319
ENSG00000171223	JUNB	SRX6944152
ENSG00000171223	JUNB	SRX6944147
ENSG00000171223	JUNB	SRX2636318
ENSG00000171223	JUNB	SRX6944148
ENSG00000171223	JUNB	SRX22183917
ENSG00000171223	JUNB	SRX22183918
ENSG00000171223	JUNB	SRX17134568
ENSG00000171223	JUNB	SRX8420195
ENSG00000171223	JUNB	SRX22183915
ENSG00000171223	JUNB	SRX22183916
ENSG00000171223	JUNB	SRX17134569
ENSG00000065978	YBX1	SRX2423476
ENSG00000065978	YBX1	SRX2423609
ENSG00000065978	YBX1	SRX2423475
ENSG00000065978	YBX1	SRX2423608
ENSG00000065978	YBX1	SRX11009534
ENSG00000065978	YBX1	SRX7887593
ENSG00000065978	YBX1	SRX7887594
ENSG00000143995	MEIS1	SRX18154276
ENSG00000143995	MEIS1	SRX18154273
ENSG00000143995	MEIS1	SRX18154274
ENSG00000143995	MEIS1	SRX18154275
ENSG00000143995	MEIS1	SRX10269615
ENSG00000143995	MEIS1	SRX10269610
ENSG00000143995	MEIS1	SRX038915
ENSG00000143995	MEIS1	SRX038914
ENSG00000143995	MEIS1	SRX150751
ENSG00000143995	MEIS1	SRX038916
ENSG00000143995	MEIS1	SRX150753
ENSG00000257923	CUX1	SRX3322072
ENSG00000257923	CUX1	SRX186609
ENSG00000257923	CUX1	SRX11668227
ENSG00000257923	CUX1	SRX20731966
ENSG00000257923	CUX1	SRX186627
ENSG00000257923	CUX1	SRX11668228
ENSG00000257923	CUX1	SRX20731967
ENSG00000257923	CUX1	SRX2442518
ENSG00000257923	CUX1	SRX2442520
ENSG00000257923	CUX1	SRX3322073
ENSG00000257923	CUX1	SRX2442523
ENSG00000257923	CUX1	SRX2442522
ENSG00000257923	CUX1	SRX2442524
ENSG00000257923	CUX1	SRX2442519
ENSG00000196628	TCF4	SRX1491252
ENSG00000196628	TCF4	SRX220960
ENSG00000196628	TCF4	SRX1491250
ENSG00000177463	NR2C2	SRX3322933
ENSG00000177463	NR2C2	SRX3322932
ENSG00000177463	NR2C2	SRX028641
ENSG00000177463	NR2C2	SRX150559
ENSG00000177463	NR2C2	SRX028640
ENSG00000177463	NR2C2	SRX467201
ENSG00000177463	NR2C2	SRX467200
ENSG00000177463	NR2C2	SRX467199
ENSG00000177463	NR2C2	SRX150454
ENSG00000177463	NR2C2	SRX028636
ENSG00000177463	NR2C2	SRX028637
ENSG00000177932	ZNF354C	SRX16495539
ENSG00000177932	ZNF354C	SRX16495540
ENSG00000101096	NFATC2	SRX4345356
ENSG00000101096	NFATC2	SRX6944156
ENSG00000101096	NFATC2	SRX3279752
ENSG00000101096	NFATC2	SRX4345358
ENSG00000101096	NFATC2	SRX6944155
ENSG00000101096	NFATC2	SRX4345359
ENSG00000101096	NFATC2	SRX6944157
ENSG00000101096	NFATC2	SRX4345357
ENSG00000101096	NFATC2	SRX21431889
ENSG00000101096	NFATC2	SRX21431890
ENSG00000101096	NFATC2	SRX21431891
ENSG00000169957	ZNF768	SRX3797277
ENSG00000169957	ZNF768	SRX3797278
ENSG00000071794	HLTF	SRX2423431
ENSG00000071794	HLTF	SRX2423430
ENSG00000135457	TFCP2	SRX10478477
ENSG00000135457	TFCP2	SRX10478476
ENSG00000131196	NFATC1	SRX190235
ENSG00000131196	NFATC1	SRX3279751
ENSG00000131196	NFATC1	SRX4345360
ENSG00000131196	NFATC1	SRX4345361
ENSG00000174197	MGA	SRX3322716
ENSG00000174197	MGA	SRX3322715
ENSG00000101057	MYBL2	SRX3322027
ENSG00000101057	MYBL2	SRX3322026
ENSG00000131931	THAP1	SRX100453
